"PreNum","CandidateName","CandidateSurname","Sex","Saeima","PartyNum","PartyAbbr","DistrNum","DistrName"
1,"Juris","Pūce","Male",12,1,"Latvijas attīstībai",1,"Rīga"
2,"Liene","Cakare","Female",12,1,"Latvijas attīstībai",1,"Rīga"
3,"Iveta","Zalpētere","Female",12,1,"Latvijas attīstībai",1,"Rīga"
4,"Andris","Bačkurs","Male",12,1,"Latvijas attīstībai",1,"Rīga"
5,"Ralfs","Birķis","Male",12,1,"Latvijas attīstībai",1,"Rīga"
6,"Zane","Baltgaile","Female",12,1,"Latvijas attīstībai",1,"Rīga"
7,"Ģirts","Auškāps","Male",12,1,"Latvijas attīstībai",1,"Rīga"
8,"Antra","Roskoša","Female",12,1,"Latvijas attīstībai",1,"Rīga"
9,"Armands","Zivtiņš","Male",12,1,"Latvijas attīstībai",1,"Rīga"
10,"Inese","Drone","Female",12,1,"Latvijas attīstībai",1,"Rīga"
11,"Ineta","Jansone","Female",12,1,"Latvijas attīstībai",1,"Rīga"
12,"Liene","Blūma","Female",12,1,"Latvijas attīstībai",1,"Rīga"
13,"Artūrs","Bušs","Male",12,1,"Latvijas attīstībai",1,"Rīga"
14,"Edgars","Kalējs","Male",12,1,"Latvijas attīstībai",1,"Rīga"
15,"Ģirts","Bite","Male",12,1,"Latvijas attīstībai",1,"Rīga"
16,"Rolands","Pogulis","Male",12,1,"Latvijas attīstībai",1,"Rīga"
17,"Arta","Pirktiņa","Female",12,1,"Latvijas attīstībai",1,"Rīga"
18,"Ēriks","Kumerdanks","Male",12,1,"Latvijas attīstībai",1,"Rīga"
19,"Kristaps","Laipnieks","Male",12,1,"Latvijas attīstībai",1,"Rīga"
20,"Renārs","Smoļaks","Male",12,1,"Latvijas attīstībai",1,"Rīga"
21,"Ainārs","Kalniņš","Male",12,1,"Latvijas attīstībai",1,"Rīga"
22,"Ineta","Atgāze","Female",12,1,"Latvijas attīstībai",1,"Rīga"
23,"Kristīne","Mirzahanjana","Female",12,1,"Latvijas attīstībai",1,"Rīga"
24,"Vladimirs","Jefimovs","Male",12,1,"Latvijas attīstībai",1,"Rīga"
25,"Mārtiņš","Grīnbergs","Male",12,1,"Latvijas attīstībai",1,"Rīga"
26,"Viesturs","Liepkalns","Male",12,1,"Latvijas attīstībai",1,"Rīga"
27,"Kristaps","Zaharkevičs","Male",12,1,"Latvijas attīstībai",1,"Rīga"
28,"Ilmārs","Gruduls","Male",12,1,"Latvijas attīstībai",1,"Rīga"
29,"Nelda","Otvare","Female",12,1,"Latvijas attīstībai",1,"Rīga"
30,"Mārtiņš","Roze","Male",12,1,"Latvijas attīstībai",1,"Rīga"
31,"Ilga","Sitale","Female",12,1,"Latvijas attīstībai",1,"Rīga"
32,"Vladimirs","Mišins","Male",12,1,"Latvijas attīstībai",1,"Rīga"
1,"Einars","Repše","Male",12,1,"Latvijas attīstībai",2,"Vidzeme"
2,"Baiba","Fromane","Female",12,1,"Latvijas attīstībai",2,"Vidzeme"
3,"Emīls","Jakrins","Male",12,1,"Latvijas attīstībai",2,"Vidzeme"
4,"Dace","Kizino","Female",12,1,"Latvijas attīstībai",2,"Vidzeme"
5,"Eduards","Sūniņš","Male",12,1,"Latvijas attīstībai",2,"Vidzeme"
6,"Arvīds","Grīnfelds","Male",12,1,"Latvijas attīstībai",2,"Vidzeme"
7,"Uldis","Ciekurs","Male",12,1,"Latvijas attīstībai",2,"Vidzeme"
8,"Pauls","Sondors","Male",12,1,"Latvijas attīstībai",2,"Vidzeme"
9,"Erlends","Baļķens","Male",12,1,"Latvijas attīstībai",2,"Vidzeme"
10,"Artūrs","Bergholcs","Male",12,1,"Latvijas attīstībai",2,"Vidzeme"
11,"Inga","Lamstere","Female",12,1,"Latvijas attīstībai",2,"Vidzeme"
12,"Izolde","Glavāne","Female",12,1,"Latvijas attīstībai",2,"Vidzeme"
13,"Armands","Vijups","Male",12,1,"Latvijas attīstībai",2,"Vidzeme"
14,"Iveta","Preisa-Imaka","Female",12,1,"Latvijas attīstībai",2,"Vidzeme"
15,"Dzintars","Rozens","Male",12,1,"Latvijas attīstībai",2,"Vidzeme"
16,"Aija","Rozena","Female",12,1,"Latvijas attīstībai",2,"Vidzeme"
17,"Viola","Daniela","Female",12,1,"Latvijas attīstībai",2,"Vidzeme"
18,"Andris","Kārkliņš","Male",12,1,"Latvijas attīstībai",2,"Vidzeme"
19,"Pēteris","Eimanis","Male",12,1,"Latvijas attīstībai",2,"Vidzeme"
20,"Jana","Hermane","Female",12,1,"Latvijas attīstībai",2,"Vidzeme"
21,"Gunita","Keiriša","Female",12,1,"Latvijas attīstībai",2,"Vidzeme"
22,"Sabīne","Vārtiņa","Female",12,1,"Latvijas attīstībai",2,"Vidzeme"
23,"Inese","Albova","Female",12,1,"Latvijas attīstībai",2,"Vidzeme"
24,"Ieva","Strongina","Female",12,1,"Latvijas attīstībai",2,"Vidzeme"
25,"Juris","Rieksts-Riekstiņš","Male",12,1,"Latvijas attīstībai",2,"Vidzeme"
26,"Vadims","Lapins","Male",12,1,"Latvijas attīstībai",2,"Vidzeme"
1,"Edgars","Jaunups","Male",12,1,"Latvijas attīstībai",3,"Latgale"
2,"Agris","Punculs","Male",12,1,"Latvijas attīstībai",3,"Latgale"
3,"Olga","Geitus-Eitvina","Female",12,1,"Latvijas attīstībai",3,"Latgale"
4,"Rasma","Zaharenko","Female",12,1,"Latvijas attīstībai",3,"Latgale"
5,"Oskars","Ikstens","Male",12,1,"Latvijas attīstībai",3,"Latgale"
6,"Jūlija","Jaunrodziņa","Female",12,1,"Latvijas attīstībai",3,"Latgale"
7,"Ilze","Latiša","Female",12,1,"Latvijas attīstībai",3,"Latgale"
8,"Aleksejs","Bočarovs","Male",12,1,"Latvijas attīstībai",3,"Latgale"
9,"Visvaldis","Kursītis","Male",12,1,"Latvijas attīstībai",3,"Latgale"
10,"Toms","Šubrovskis","Male",12,1,"Latvijas attīstībai",3,"Latgale"
11,"Mihails","Juhņevičs","Male",12,1,"Latvijas attīstībai",3,"Latgale"
12,"Vilis","Zilgalvis","Male",12,1,"Latvijas attīstībai",3,"Latgale"
13,"Edgars","Zandmanis","Male",12,1,"Latvijas attīstībai",3,"Latgale"
14,"Edgars","Ciblis","Male",12,1,"Latvijas attīstībai",3,"Latgale"
15,"Raitis","Tukāns","Male",12,1,"Latvijas attīstībai",3,"Latgale"
1,"Rihards","Pīks","Male",12,1,"Latvijas attīstībai",4,"Kurzeme"
2,"Aiva","Vilcāne","Female",12,1,"Latvijas attīstībai",4,"Kurzeme"
3,"Uldis","Pirktiņš","Male",12,1,"Latvijas attīstībai",4,"Kurzeme"
4,"Iveta","Ciganova","Female",12,1,"Latvijas attīstībai",4,"Kurzeme"
5,"Kaspars","Bucis","Male",12,1,"Latvijas attīstībai",4,"Kurzeme"
6,"Miks","Lormanis","Male",12,1,"Latvijas attīstībai",4,"Kurzeme"
7,"Agris","Akulovs","Male",12,1,"Latvijas attīstībai",4,"Kurzeme"
8,"Juris","Šmits","Male",12,1,"Latvijas attīstībai",4,"Kurzeme"
9,"Agnija","Šankova","Female",12,1,"Latvijas attīstībai",4,"Kurzeme"
10,"Santa","Markauska","Female",12,1,"Latvijas attīstībai",4,"Kurzeme"
11,"Rūdolfs","Šnepsts","Male",12,1,"Latvijas attīstībai",4,"Kurzeme"
12,"Andris","Radelis","Male",12,1,"Latvijas attīstībai",4,"Kurzeme"
13,"Vilnis","Tukums","Male",12,1,"Latvijas attīstībai",4,"Kurzeme"
1,"Vladimirs","Reskājs","Male",12,1,"Latvijas attīstībai",5,"Zemgale"
2,"Mārtiņš","Vadzis","Male",12,1,"Latvijas attīstībai",5,"Zemgale"
3,"Elita","Sproģe","Female",12,1,"Latvijas attīstībai",5,"Zemgale"
4,"Laila","Pole","Female",12,1,"Latvijas attīstībai",5,"Zemgale"
5,"Zane","Šūmakere","Female",12,1,"Latvijas attīstībai",5,"Zemgale"
6,"Artūrs Toms","Plešs","Male",12,1,"Latvijas attīstībai",5,"Zemgale"
7,"Naira","Frijāre","Female",12,1,"Latvijas attīstībai",5,"Zemgale"
8,"Māris","Beķers","Male",12,1,"Latvijas attīstībai",5,"Zemgale"
9,"Raivis","Grandāns","Male",12,1,"Latvijas attīstībai",5,"Zemgale"
10,"Linda","Žukovska","Female",12,1,"Latvijas attīstībai",5,"Zemgale"
11,"Ksenija","Vēze-Veise","Female",12,1,"Latvijas attīstībai",5,"Zemgale"
12,"Edgars","Upenieks","Male",12,1,"Latvijas attīstībai",5,"Zemgale"
13,"Toms","Krastenbergs","Male",12,1,"Latvijas attīstībai",5,"Zemgale"
14,"Zane","Muceniece","Female",12,1,"Latvijas attīstībai",5,"Zemgale"
1,"Andris","Orols","Male",12,2,"Suverenitāte",1,"Rīga"
2,"Aivars","Silinieks","Male",12,2,"Suverenitāte",1,"Rīga"
3,"Artūrs","Ratnieks","Male",12,2,"Suverenitāte",1,"Rīga"
4,"Inga","Gutberga","Female",12,2,"Suverenitāte",1,"Rīga"
5,"Armands","Šenbergs","Male",12,2,"Suverenitāte",1,"Rīga"
6,"Jeļena","Kantāne","Female",12,2,"Suverenitāte",1,"Rīga"
7,"Maira","Stumbre","Female",12,2,"Suverenitāte",1,"Rīga"
8,"Andrejs","Nikoļskis","Male",12,2,"Suverenitāte",1,"Rīga"
9,"Edgars","Poika","Male",12,2,"Suverenitāte",1,"Rīga"
10,"Artis","Silavnieks","Male",12,2,"Suverenitāte",1,"Rīga"
11,"Kaspars","Savickis","Male",12,2,"Suverenitāte",1,"Rīga"
12,"Sergejs","Golodņikovs","Male",12,2,"Suverenitāte",1,"Rīga"
13,"Māris","Barkāns","Male",12,2,"Suverenitāte",1,"Rīga"
14,"Andžejs","Zdanovičs","Male",12,2,"Suverenitāte",1,"Rīga"
1,"Guntra","Vīksna","Female",12,2,"Suverenitāte",2,"Vidzeme"
2,"Agris","Sūna","Male",12,2,"Suverenitāte",2,"Vidzeme"
3,"Artis","Freibergs","Male",12,2,"Suverenitāte",2,"Vidzeme"
4,"Aleksandrs","Poika","Male",12,2,"Suverenitāte",2,"Vidzeme"
5,"Jūlija","Ždanova","Female",12,2,"Suverenitāte",2,"Vidzeme"
6,"Zane","Lejniece-Puķe","Female",12,2,"Suverenitāte",2,"Vidzeme"
7,"Kaspars","Vainovskis","Male",12,2,"Suverenitāte",2,"Vidzeme"
8,"Jānis","Cīrulis","Male",12,2,"Suverenitāte",2,"Vidzeme"
9,"Georgijs","Sokolovskis","Male",12,2,"Suverenitāte",2,"Vidzeme"
1,"Dmitrijs","Usins","Male",12,2,"Suverenitāte",3,"Latgale"
2,"Ingars","Pētersons","Male",12,2,"Suverenitāte",3,"Latgale"
3,"Andrejs","Vasiļjevs","Male",12,2,"Suverenitāte",3,"Latgale"
4,"Aleksandra","Siliniece","Female",12,2,"Suverenitāte",3,"Latgale"
5,"Jevgēnijs","Šuļga","Male",12,2,"Suverenitāte",3,"Latgale"
6,"Ēvalds","Staris","Male",12,2,"Suverenitāte",3,"Latgale"
7,"Ivans","Feščenko","Male",12,2,"Suverenitāte",3,"Latgale"
8,"Ēriks","Trukšāns","Male",12,2,"Suverenitāte",3,"Latgale"
9,"Ilvars","Barkāns","Male",12,2,"Suverenitāte",3,"Latgale"
1,"Normunds","Vīrs","Male",12,2,"Suverenitāte",4,"Kurzeme"
2,"Lita","Sproģe","Female",12,2,"Suverenitāte",4,"Kurzeme"
3,"Uldis","Sēne","Male",12,2,"Suverenitāte",4,"Kurzeme"
4,"Tatjana","Popova","Female",12,2,"Suverenitāte",4,"Kurzeme"
5,"Dmitrijs","Dēliņš","Male",12,2,"Suverenitāte",4,"Kurzeme"
1,"Dainis","Grabovskis","Male",12,2,"Suverenitāte",5,"Zemgale"
2,"Raimonds","Lejnieks-Puķe","Male",12,2,"Suverenitāte",5,"Zemgale"
3,"Aleksandrs","Kačalkins","Male",12,2,"Suverenitāte",5,"Zemgale"
4,"Sigurds","Graudiņš","Male",12,2,"Suverenitāte",5,"Zemgale"
5,"Žanna","Redzoba","Female",12,2,"Suverenitāte",5,"Zemgale"
6,"Kristīne","Ševeļova","Female",12,2,"Suverenitāte",5,"Zemgale"
1,"Anrijs","Aumalis","Male",12,3,"Partija Brīvība",1,"Rīga"
2,"Vilnis","Šlars","Male",12,3,"Partija Brīvība",1,"Rīga"
3,"Jeļena","Gerasimova","Female",12,3,"Partija Brīvība",1,"Rīga"
4,"Baiba","Stepanova","Female",12,3,"Partija Brīvība",1,"Rīga"
1,"Ieva","Kantmane","Female",12,3,"Partija Brīvība",2,"Vidzeme"
2,"Vika","Koha","Female",12,3,"Partija Brīvība",2,"Vidzeme"
3,"Dina","Šulca","Female",12,3,"Partija Brīvība",2,"Vidzeme"
1,"Kaspars","Lazdāns","Male",12,3,"Partija Brīvība",3,"Latgale"
2,"Līga","Šalma","Female",12,3,"Partija Brīvība",3,"Latgale"
1,"Taiga","Lasmane","Female",12,3,"Partija Brīvība",4,"Kurzeme"
2,"Antra","Treide","Female",12,3,"Partija Brīvība",4,"Kurzeme"
3,"Vizma","Petrēvica","Female",12,3,"Partija Brīvība",4,"Kurzeme"
4,"Ilva","Ivaska","Female",12,3,"Partija Brīvība",4,"Kurzeme"
5,"Vēsma","Švinberga","Female",12,3,"Partija Brīvība",4,"Kurzeme"
1,"Dace","Brimerberga","Female",12,3,"Partija Brīvība",5,"Zemgale"
2,"Baiba","Kņūta","Female",12,3,"Partija Brīvība",5,"Zemgale"
3,"Anna","Naumova","Female",12,3,"Partija Brīvība",5,"Zemgale"
4,"Marita","Koha","Female",12,3,"Partija Brīvība",5,"Zemgale"
1,"Edgars","Rinkēvičs","Male",12,4,"Vienotība",1,"Rīga"
2,"Ojārs Ēriks","Kalniņš","Male",12,4,"Vienotība",1,"Rīga"
3,"Aleksejs","Loskutovs","Male",12,4,"Vienotība",1,"Rīga"
4,"Lolita","Čigāne","Female",12,4,"Vienotība",1,"Rīga"
5,"Andrejs","Judins","Male",12,4,"Vienotība",1,"Rīga"
6,"Rihards","Kozlovskis","Male",12,4,"Vienotība",1,"Rīga"
7,"Ilze","Viņķele","Female",12,4,"Vienotība",1,"Rīga"
8,"Edgars","Engīzers","Male",12,4,"Vienotība",1,"Rīga"
9,"Olafs","Pulks","Male",12,4,"Vienotība",1,"Rīga"
10,"Sarmīte","Ēlerte","Female",12,4,"Vienotība",1,"Rīga"
11,"Uģis","Rotbergs","Male",12,4,"Vienotība",1,"Rīga"
12,"Renārs","Putniņš","Male",12,4,"Vienotība",1,"Rīga"
13,"Valdis","Gavars","Male",12,4,"Vienotība",1,"Rīga"
14,"Veiko","Spolītis","Male",12,4,"Vienotība",1,"Rīga"
15,"Kārlis","Strēlis","Male",12,4,"Vienotība",1,"Rīga"
16,"Kārlis","Eņģelis","Male",12,4,"Vienotība",1,"Rīga"
17,"Hosams Abu","Meri","Male",12,4,"Vienotība",1,"Rīga"
18,"Gatis","Liepiņš","Male",12,4,"Vienotība",1,"Rīga"
19,"Inese","Kalniņa","Female",12,4,"Vienotība",1,"Rīga"
20,"Evija","Kolberga","Female",12,4,"Vienotība",1,"Rīga"
21,"Lita","Beire","Female",12,4,"Vienotība",1,"Rīga"
22,"Anna","Buša","Female",12,4,"Vienotība",1,"Rīga"
23,"Nils","Josts","Male",12,4,"Vienotība",1,"Rīga"
24,"Jānis","Lazdāns","Male",12,4,"Vienotība",1,"Rīga"
25,"Krišjānis","Liepiņš","Male",12,4,"Vienotība",1,"Rīga"
26,"Aivars","Siliņš","Male",12,4,"Vienotība",1,"Rīga"
27,"Bierants","Ignāts","Male",12,4,"Vienotība",1,"Rīga"
28,"Vija","Tirzmale","Female",12,4,"Vienotība",1,"Rīga"
29,"Anna","Plauča","Female",12,4,"Vienotība",1,"Rīga"
30,"Zigfrīds","Berezovskis","Male",12,4,"Vienotība",1,"Rīga"
31,"Dmitrijs","Golubevs","Male",12,4,"Vienotība",1,"Rīga"
32,"Laimdota","Podze","Female",12,4,"Vienotība",1,"Rīga"
33,"Kārlis","Irbe","Male",12,4,"Vienotība",1,"Rīga"
34,"Ainars","Lodziņš","Male",12,4,"Vienotība",1,"Rīga"
35,"Guntis","Stirna","Male",12,4,"Vienotība",1,"Rīga"
1,"Laimdota","Straujuma","Female",12,4,"Vienotība",2,"Vidzeme"
2,"Inesis","Boķis","Male",12,4,"Vienotība",2,"Vidzeme"
3,"Ainars","Latkovskis","Male",12,4,"Vienotība",2,"Vidzeme"
4,"Zanda","Kalniņa-Lukaševica","Female",12,4,"Vienotība",2,"Vidzeme"
5,"Kārlis","Šadurskis","Male",12,4,"Vienotība",2,"Vidzeme"
6,"Ina","Druviete","Female",12,4,"Vienotība",2,"Vidzeme"
7,"Linda","Medene","Female",12,4,"Vienotība",2,"Vidzeme"
8,"Arvils","Ašeradens","Male",12,4,"Vienotība",2,"Vidzeme"
9,"Edvards","Smiltēns","Male",12,4,"Vienotība",2,"Vidzeme"
10,"Edvīns","Bartkevičs","Male",12,4,"Vienotība",2,"Vidzeme"
11,"Raimonds","Čudars","Male",12,4,"Vienotība",2,"Vidzeme"
12,"Vilnis","Ķirsis","Male",12,4,"Vienotība",2,"Vidzeme"
13,"Ilze","Vergina","Female",12,4,"Vienotība",2,"Vidzeme"
14,"Romualds","Ražuks","Male",12,4,"Vienotība",2,"Vidzeme"
15,"Liene","Liepiņa","Female",12,4,"Vienotība",2,"Vidzeme"
16,"Jānis","Upenieks","Male",12,4,"Vienotība",2,"Vidzeme"
17,"Astrīda","Harju","Female",12,4,"Vienotība",2,"Vidzeme"
18,"Pauls","Irbins","Male",12,4,"Vienotība",2,"Vidzeme"
19,"Iveta","Blaua","Female",12,4,"Vienotība",2,"Vidzeme"
20,"Kintija","Sparāne","Female",12,4,"Vienotība",2,"Vidzeme"
21,"Roberts","Jurķis","Male",12,4,"Vienotība",2,"Vidzeme"
22,"Renārs","Freibergs","Male",12,4,"Vienotība",2,"Vidzeme"
23,"Arnis","Šķēls","Male",12,4,"Vienotība",2,"Vidzeme"
24,"Vilnis","Meškinis","Male",12,4,"Vienotība",2,"Vidzeme"
25,"Alis","Balbārzdis","Male",12,4,"Vienotība",2,"Vidzeme"
26,"Dace","Kļaviņa","Female",12,4,"Vienotība",2,"Vidzeme"
27,"Guntis","Grūba","Male",12,4,"Vienotība",2,"Vidzeme"
28,"Jāzeps","Janiševs","Male",12,4,"Vienotība",2,"Vidzeme"
29,"Gatis","Puriņš","Male",12,4,"Vienotība",2,"Vidzeme"
1,"Anrijs","Matīss","Male",12,4,"Vienotība",3,"Latgale"
2,"Aldis","Adamovičs","Male",12,4,"Vienotība",3,"Latgale"
3,"Dzintars","Zaķis","Male",12,4,"Vienotība",3,"Latgale"
4,"Aivars","Broks","Male",12,4,"Vienotība",3,"Latgale"
5,"Līvija","Plavinska","Female",12,4,"Vienotība",3,"Latgale"
6,"Viktors","Stikuts","Male",12,4,"Vienotība",3,"Latgale"
7,"Sarmīte","Ķikuste","Female",12,4,"Vienotība",3,"Latgale"
8,"Janīna","Kursīte","Female",12,4,"Vienotība",3,"Latgale"
9,"Maija","Upeniece","Female",12,4,"Vienotība",3,"Latgale"
10,"Valērijs","Makarevičs","Male",12,4,"Vienotība",3,"Latgale"
11,"Juris Galerijs","Vidiņš","Male",12,4,"Vienotība",3,"Latgale"
12,"Sanita","Putniņa","Female",12,4,"Vienotība",3,"Latgale"
13,"Vasilijs","Smuļs","Male",12,4,"Vienotība",3,"Latgale"
14,"Ināra","Mukāne","Female",12,4,"Vienotība",3,"Latgale"
15,"Aivars","Bernāns","Male",12,4,"Vienotība",3,"Latgale"
16,"Jānis","Kupris","Male",12,4,"Vienotība",3,"Latgale"
17,"Kaspars","Vidiņš","Male",12,4,"Vienotība",3,"Latgale"
18,"Eleonora","Obrumāne","Female",12,4,"Vienotība",3,"Latgale"
1,"Solvita","Āboltiņa","Female",12,4,"Vienotība",4,"Kurzeme"
2,"Ints","Dālderis","Male",12,4,"Vienotība",4,"Kurzeme"
3,"Inese","Lībiņa-Egnere","Female",12,4,"Vienotība",4,"Kurzeme"
4,"Karina","Korna","Female",12,4,"Vienotība",4,"Kurzeme"
5,"Normunds","Tropiņš","Male",12,4,"Vienotība",4,"Kurzeme"
6,"Artis","Gustovskis","Male",12,4,"Vienotība",4,"Kurzeme"
7,"Armīns","Robežnieks","Male",12,4,"Vienotība",4,"Kurzeme"
8,"Edgars","Ikstens","Male",12,4,"Vienotība",4,"Kurzeme"
9,"Māris","Vārna","Male",12,4,"Vienotība",4,"Kurzeme"
10,"Jānis","Junkurs","Male",12,4,"Vienotība",4,"Kurzeme"
11,"Vilnis","Dragunas","Male",12,4,"Vienotība",4,"Kurzeme"
12,"Mikus","Žagata","Male",12,4,"Vienotība",4,"Kurzeme"
13,"Guntis","Būmeisters","Male",12,4,"Vienotība",4,"Kurzeme"
14,"Guntis","Čukurs","Male",12,4,"Vienotība",4,"Kurzeme"
15,"Valdis","Plaudis","Male",12,4,"Vienotība",4,"Kurzeme"
16,"Guntis","Pirvits","Male",12,4,"Vienotība",4,"Kurzeme"
1,"Jānis","Reirs","Male",12,4,"Vienotība",5,"Zemgale"
2,"Juris","Šulcs","Male",12,4,"Vienotība",5,"Zemgale"
3,"Vjačeslavs","Dombrovskis","Male",12,4,"Vienotība",5,"Zemgale"
4,"Viktors","Valainis","Male",12,4,"Vienotība",5,"Zemgale"
5,"Atis","Lejiņš","Male",12,4,"Vienotība",5,"Zemgale"
6,"Jānis","Ozoliņš","Male",12,4,"Vienotība",5,"Zemgale"
7,"Inga","Priede","Female",12,4,"Vienotība",5,"Zemgale"
8,"Krišjānis","Bušs","Male",12,4,"Vienotība",5,"Zemgale"
9,"Ansis","Saliņš","Male",12,4,"Vienotība",5,"Zemgale"
10,"Evika","Siliņa","Female",12,4,"Vienotība",5,"Zemgale"
11,"Viesturs","Reinfelds","Male",12,4,"Vienotība",5,"Zemgale"
12,"Uldis","Kolužs","Male",12,4,"Vienotība",5,"Zemgale"
13,"Gita","Rūtiņa","Female",12,4,"Vienotība",5,"Zemgale"
14,"Madars","Lasmanis","Male",12,4,"Vienotība",5,"Zemgale"
15,"Ainārs","Sviklis","Male",12,4,"Vienotība",5,"Zemgale"
16,"Andris","Ulāns","Male",12,4,"Vienotība",5,"Zemgale"
17,"Elīna","Pļaviņa","Female",12,4,"Vienotība",5,"Zemgale"
1,"Maija","Radziņa","Female",12,5,"Partija Izaugsme",1,"Rīga"
2,"Sandra","Gintere","Female",12,5,"Partija Izaugsme",1,"Rīga"
3,"Ainārs","Rudzītis","Male",12,5,"Partija Izaugsme",1,"Rīga"
4,"Velga","Eklona","Female",12,5,"Partija Izaugsme",1,"Rīga"
5,"Artis","Svaža","Male",12,5,"Partija Izaugsme",1,"Rīga"
6,"Jānis","Viegliņš","Male",12,5,"Partija Izaugsme",1,"Rīga"
7,"Rinalds","Brālis","Male",12,5,"Partija Izaugsme",1,"Rīga"
8,"Mudīte","Meliņa","Female",12,5,"Partija Izaugsme",1,"Rīga"
9,"Natālija","Bērza","Female",12,5,"Partija Izaugsme",1,"Rīga"
10,"Vladimirs","Trofimovs","Male",12,5,"Partija Izaugsme",1,"Rīga"
1,"Andris","Skride","Male",12,5,"Partija Izaugsme",2,"Vidzeme"
2,"Lelde","Mangusa-Tutāne","Female",12,5,"Partija Izaugsme",2,"Vidzeme"
3,"Aldis","Bondars","Male",12,5,"Partija Izaugsme",2,"Vidzeme"
4,"Indra","Garsele","Female",12,5,"Partija Izaugsme",2,"Vidzeme"
5,"Gaida","Bērziņa","Female",12,5,"Partija Izaugsme",2,"Vidzeme"
6,"Juris","Žilko","Male",12,5,"Partija Izaugsme",2,"Vidzeme"
7,"Jānis","Siliņš","Male",12,5,"Partija Izaugsme",2,"Vidzeme"
8,"Svetlana Anna","Šauro","Female",12,5,"Partija Izaugsme",2,"Vidzeme"
9,"Mārcis","Rudzītis","Male",12,5,"Partija Izaugsme",2,"Vidzeme"
10,"Egita","Ķeive","Female",12,5,"Partija Izaugsme",2,"Vidzeme"
11,"Agnis","Šumakovs","Male",12,5,"Partija Izaugsme",2,"Vidzeme"
12,"Raivis","Zāģers","Male",12,5,"Partija Izaugsme",2,"Vidzeme"
13,"Evita","Paidere","Female",12,5,"Partija Izaugsme",2,"Vidzeme"
14,"Ingrida","Sebre","Female",12,5,"Partija Izaugsme",2,"Vidzeme"
15,"Dairis","Roģis","Male",12,5,"Partija Izaugsme",2,"Vidzeme"
16,"Ilze","Oša","Female",12,5,"Partija Izaugsme",2,"Vidzeme"
17,"Gints","Lapsa","Male",12,5,"Partija Izaugsme",2,"Vidzeme"
18,"Normunds","Eliņš","Male",12,5,"Partija Izaugsme",2,"Vidzeme"
19,"Artūrs","Čačka","Male",12,5,"Partija Izaugsme",2,"Vidzeme"
1,"Roberts","Kuzņerevičs","Male",12,5,"Partija Izaugsme",3,"Latgale"
2,"Adriana","Treikule","Female",12,5,"Partija Izaugsme",3,"Latgale"
3,"Silva","Skride","Female",12,5,"Partija Izaugsme",3,"Latgale"
1,"Madara","Stankuna","Female",12,5,"Partija Izaugsme",4,"Kurzeme"
2,"Dace","Jakovicka","Female",12,5,"Partija Izaugsme",4,"Kurzeme"
3,"Dina","Balode","Female",12,5,"Partija Izaugsme",4,"Kurzeme"
1,"Aija","Jaunmuktāne","Female",12,5,"Partija Izaugsme",5,"Zemgale"
2,"Uldis","Kasemirs","Male",12,5,"Partija Izaugsme",5,"Zemgale"
3,"Andis","Onzuls","Male",12,5,"Partija Izaugsme",5,"Zemgale"
4,"Ainis","Dzalbs","Male",12,5,"Partija Izaugsme",5,"Zemgale"
1,"Ainārs","Šlesers","Male",12,6,"Vienoti Latvijai",1,"Rīga"
2,"Vadims","Jerošenko","Male",12,6,"Vienoti Latvijai",1,"Rīga"
3,"Mareks","Zeltiņš","Male",12,6,"Vienoti Latvijai",1,"Rīga"
4,"Tatjana","Volkova","Female",12,6,"Vienoti Latvijai",1,"Rīga"
5,"Andris","Deniņš","Male",12,6,"Vienoti Latvijai",1,"Rīga"
6,"Irina","Pētersone","Female",12,6,"Vienoti Latvijai",1,"Rīga"
7,"Edmunds","Kaševskis","Male",12,6,"Vienoti Latvijai",1,"Rīga"
8,"Jevgenija","Stalidzāne","Female",12,6,"Vienoti Latvijai",1,"Rīga"
9,"Raimonds","Vilde","Male",12,6,"Vienoti Latvijai",1,"Rīga"
10,"Dace","Vītola","Female",12,6,"Vienoti Latvijai",1,"Rīga"
11,"Andris","Pudāns","Male",12,6,"Vienoti Latvijai",1,"Rīga"
12,"Agita","Roziņa","Female",12,6,"Vienoti Latvijai",1,"Rīga"
13,"Gundega","Jaunbērziņa-Beitika","Female",12,6,"Vienoti Latvijai",1,"Rīga"
14,"Lauris","Grīns","Male",12,6,"Vienoti Latvijai",1,"Rīga"
15,"Rihards","Zariņš","Male",12,6,"Vienoti Latvijai",1,"Rīga"
16,"Žaneta","Abramsone","Female",12,6,"Vienoti Latvijai",1,"Rīga"
17,"Aigars","Zariņš","Male",12,6,"Vienoti Latvijai",1,"Rīga"
18,"Aleksandrs","Beļevičs","Male",12,6,"Vienoti Latvijai",1,"Rīga"
19,"Edgars","Kažoks","Male",12,6,"Vienoti Latvijai",1,"Rīga"
20,"Vitālijs","Zaharovs","Male",12,6,"Vienoti Latvijai",1,"Rīga"
21,"Irēna","Putiķe","Female",12,6,"Vienoti Latvijai",1,"Rīga"
22,"Marija","Aļbinoviča","Female",12,6,"Vienoti Latvijai",1,"Rīga"
23,"Aleksandrs","Vasiļjevs","Male",12,6,"Vienoti Latvijai",1,"Rīga"
24,"Česlavs","Kaševskis","Male",12,6,"Vienoti Latvijai",1,"Rīga"
25,"Viktorija","Čerenkova","Female",12,6,"Vienoti Latvijai",1,"Rīga"
26,"Pāvels","Zaicevs","Male",12,6,"Vienoti Latvijai",1,"Rīga"
27,"Veronika","Burova","Female",12,6,"Vienoti Latvijai",1,"Rīga"
28,"Ilona","Lejniece","Female",12,6,"Vienoti Latvijai",1,"Rīga"
29,"Valērijs","Osipovs","Male",12,6,"Vienoti Latvijai",1,"Rīga"
30,"Viktors","Ozerskis","Male",12,6,"Vienoti Latvijai",1,"Rīga"
31,"Nils","Žuravļovs","Male",12,6,"Vienoti Latvijai",1,"Rīga"
32,"Vadims","Maļinovskis","Male",12,6,"Vienoti Latvijai",1,"Rīga"
33,"Ģirts","Freimanis","Male",12,6,"Vienoti Latvijai",1,"Rīga"
34,"Ivars","Gulbis","Male",12,6,"Vienoti Latvijai",1,"Rīga"
1,"Ivars","Godmanis","Male",12,6,"Vienoti Latvijai",2,"Vidzeme"
2,"Ivars","Kalvišķis","Male",12,6,"Vienoti Latvijai",2,"Vidzeme"
3,"Gunārs","Dāboliņš","Male",12,6,"Vienoti Latvijai",2,"Vidzeme"
4,"Artis","Brūvers","Male",12,6,"Vienoti Latvijai",2,"Vidzeme"
5,"Andis","Adats","Male",12,6,"Vienoti Latvijai",2,"Vidzeme"
6,"Raivis","Ūzuls","Male",12,6,"Vienoti Latvijai",2,"Vidzeme"
7,"Ainars","Melders","Male",12,6,"Vienoti Latvijai",2,"Vidzeme"
8,"Ernests","Lībietis","Male",12,6,"Vienoti Latvijai",2,"Vidzeme"
9,"Jānis","Grigaļūns","Male",12,6,"Vienoti Latvijai",2,"Vidzeme"
10,"Andrejs","Artjomovs","Male",12,6,"Vienoti Latvijai",2,"Vidzeme"
11,"Kristīne","Sokolovska","Female",12,6,"Vienoti Latvijai",2,"Vidzeme"
12,"Ivars","Ķezbers","Male",12,6,"Vienoti Latvijai",2,"Vidzeme"
13,"Ineta","Muižniece","Female",12,6,"Vienoti Latvijai",2,"Vidzeme"
14,"Daiga","Vītola","Female",12,6,"Vienoti Latvijai",2,"Vidzeme"
15,"Edijs","Kriķis","Male",12,6,"Vienoti Latvijai",2,"Vidzeme"
16,"Evija","Krilova","Female",12,6,"Vienoti Latvijai",2,"Vidzeme"
17,"Dace","Smeltere","Female",12,6,"Vienoti Latvijai",2,"Vidzeme"
18,"Kaspars","Sīlis","Male",12,6,"Vienoti Latvijai",2,"Vidzeme"
19,"Lilita","Siliņa","Female",12,6,"Vienoti Latvijai",2,"Vidzeme"
20,"Uvis","Avens","Male",12,6,"Vienoti Latvijai",2,"Vidzeme"
21,"Guntars","Valants","Male",12,6,"Vienoti Latvijai",2,"Vidzeme"
22,"Ilgvars","Muzikants","Male",12,6,"Vienoti Latvijai",2,"Vidzeme"
23,"Ēriks","Flaumanis","Male",12,6,"Vienoti Latvijai",2,"Vidzeme"
24,"Oļegs","Vasiļonoks","Male",12,6,"Vienoti Latvijai",2,"Vidzeme"
25,"Reinholds","Pelše","Male",12,6,"Vienoti Latvijai",2,"Vidzeme"
26,"Krists","Leiškalns","Male",12,6,"Vienoti Latvijai",2,"Vidzeme"
1,"Jānis","Jurkāns","Male",12,6,"Vienoti Latvijai",3,"Latgale"
2,"Oskars","Juhnevičs","Male",12,6,"Vienoti Latvijai",3,"Latgale"
3,"Jānis","Jukna","Male",12,6,"Vienoti Latvijai",3,"Latgale"
4,"Gunārs","Spradzenko","Male",12,6,"Vienoti Latvijai",3,"Latgale"
5,"Jeļena","Kuranova","Female",12,6,"Vienoti Latvijai",3,"Latgale"
6,"Vjačeslavs","Dubovskis","Male",12,6,"Vienoti Latvijai",3,"Latgale"
7,"Andrejs","Naglis","Male",12,6,"Vienoti Latvijai",3,"Latgale"
8,"Jevdokija","Šlivka","Female",12,6,"Vienoti Latvijai",3,"Latgale"
9,"Anita","Kokoreviča","Female",12,6,"Vienoti Latvijai",3,"Latgale"
10,"Ligita","Maģiča","Female",12,6,"Vienoti Latvijai",3,"Latgale"
11,"Andrejs","Stremjanovs","Male",12,6,"Vienoti Latvijai",3,"Latgale"
12,"Tatjana","Kokina","Female",12,6,"Vienoti Latvijai",3,"Latgale"
13,"Vladimirs","Afanasjevs","Male",12,6,"Vienoti Latvijai",3,"Latgale"
14,"Iveta","Raimo","Female",12,6,"Vienoti Latvijai",3,"Latgale"
15,"Vahtangs","Luašvili","Male",12,6,"Vienoti Latvijai",3,"Latgale"
16,"Karīna","Juhņeviča","Female",12,6,"Vienoti Latvijai",3,"Latgale"
1,"Jānis","Straume","Male",12,6,"Vienoti Latvijai",4,"Kurzeme"
2,"Dzintra Mirdza","Reisa","Female",12,6,"Vienoti Latvijai",4,"Kurzeme"
3,"Nauris","Rolavs","Male",12,6,"Vienoti Latvijai",4,"Kurzeme"
4,"Jānis","Kazāks","Male",12,6,"Vienoti Latvijai",4,"Kurzeme"
5,"Inese","Grigoruka","Female",12,6,"Vienoti Latvijai",4,"Kurzeme"
6,"Mihails","Pietkevičs","Male",12,6,"Vienoti Latvijai",4,"Kurzeme"
7,"Zane","Ģierte","Female",12,6,"Vienoti Latvijai",4,"Kurzeme"
8,"Artūrs","Marauskis","Male",12,6,"Vienoti Latvijai",4,"Kurzeme"
9,"Jānis","Riežnieks","Male",12,6,"Vienoti Latvijai",4,"Kurzeme"
10,"Andulis","Vitte","Male",12,6,"Vienoti Latvijai",4,"Kurzeme"
11,"Jekaterina","Pūrīte","Female",12,6,"Vienoti Latvijai",4,"Kurzeme"
12,"Aleksandrs","Bogdanovs","Male",12,6,"Vienoti Latvijai",4,"Kurzeme"
13,"Jānis","Ratnieks","Male",12,6,"Vienoti Latvijai",4,"Kurzeme"
14,"Eduards","Rubīns","Male",12,6,"Vienoti Latvijai",4,"Kurzeme"
1,"Aigars","Kalvītis","Male",12,6,"Vienoti Latvijai",5,"Zemgale"
2,"Edgars","Zalāns","Male",12,6,"Vienoti Latvijai",5,"Zemgale"
3,"Vinets","Veldre","Male",12,6,"Vienoti Latvijai",5,"Zemgale"
4,"Guntis","Gelpers","Male",12,6,"Vienoti Latvijai",5,"Zemgale"
5,"Arvīds","Zvirbulis","Male",12,6,"Vienoti Latvijai",5,"Zemgale"
6,"Arnis","Krauklis","Male",12,6,"Vienoti Latvijai",5,"Zemgale"
7,"Udo","Pērsis","Male",12,6,"Vienoti Latvijai",5,"Zemgale"
8,"Ainārs","Arnītis","Male",12,6,"Vienoti Latvijai",5,"Zemgale"
9,"Imants","Silavs","Male",12,6,"Vienoti Latvijai",5,"Zemgale"
10,"Gaida","Avotiņa","Female",12,6,"Vienoti Latvijai",5,"Zemgale"
11,"Zigurds","Rancāns","Male",12,6,"Vienoti Latvijai",5,"Zemgale"
12,"Raimonds","Šteinerts","Male",12,6,"Vienoti Latvijai",5,"Zemgale"
13,"Juris","Lazdāns","Male",12,6,"Vienoti Latvijai",5,"Zemgale"
14,"Aldis","Žaludka","Male",12,6,"Vienoti Latvijai",5,"Zemgale"
15,"Pēteris","Goba","Male",12,6,"Vienoti Latvijai",5,"Zemgale"
16,"Lelde","Sutena","Female",12,6,"Vienoti Latvijai",5,"Zemgale"
1,"Dace","Melbārde","Female",12,7,NA,1,"Rīga"
2,"Dzintars","Rasnačs","Male",12,7,NA,1,"Rīga"
3,"Einārs","Cilinskis","Male",12,7,NA,1,"Rīga"
4,"Ilmārs","Latkovskis","Male",12,7,NA,1,"Rīga"
5,"Inguna","Rībena","Female",12,7,NA,1,"Rīga"
6,"Aleksandrs","Kiršteins","Male",12,7,NA,1,"Rīga"
7,"Dainis","Locis","Male",12,7,NA,1,"Rīga"
8,"Ingus","Kļaviņš","Male",12,7,NA,1,"Rīga"
9,"Andris","Pārups","Male",12,7,NA,1,"Rīga"
10,"Uldis Verners","Brūns","Male",12,7,NA,1,"Rīga"
11,"Ģirts","Lapiņš","Male",12,7,NA,1,"Rīga"
12,"Juris","Bogdanovičs","Male",12,7,NA,1,"Rīga"
13,"Andris","Vilks","Male",12,7,NA,1,"Rīga"
14,"Ritvars","Jansons","Male",12,7,NA,1,"Rīga"
15,"Andris","Lācis","Male",12,7,NA,1,"Rīga"
16,"Ieva","Holma","Female",12,7,NA,1,"Rīga"
17,"Ieva","Ozola","Female",12,7,NA,1,"Rīga"
18,"Jānis Atis","Krūmiņš","Male",12,7,NA,1,"Rīga"
19,"Kārlis","Dombrovskis","Male",12,7,NA,1,"Rīga"
20,"Jurģis","Klotiņš","Male",12,7,NA,1,"Rīga"
21,"Imārs","Kiršbaums","Male",12,7,NA,1,"Rīga"
22,"Olga","Berga","Female",12,7,NA,1,"Rīga"
23,"Ludmila","Sočņeva","Female",12,7,NA,1,"Rīga"
24,"Arnis","Puksts","Male",12,7,NA,1,"Rīga"
25,"Edgars","Jansons","Male",12,7,NA,1,"Rīga"
26,"Baiba","Bicēna","Female",12,7,NA,1,"Rīga"
27,"Eduards","Jurķelis","Male",12,7,NA,1,"Rīga"
28,"Ivo","Ozols","Male",12,7,NA,1,"Rīga"
29,"Māris","Andžāns","Male",12,7,NA,1,"Rīga"
30,"Artis","Vidžups","Male",12,7,NA,1,"Rīga"
31,"Ivars","Nececkis","Male",12,7,NA,1,"Rīga"
32,"Aldis","Bukovskis","Male",12,7,NA,1,"Rīga"
33,"Rūdolfs","Grīnblats","Male",12,7,NA,1,"Rīga"
34,"Gunārs","Indārs","Male",12,7,NA,1,"Rīga"
35,"Uģis","Krūmiņš","Male",12,7,NA,1,"Rīga"
1,"Raivis","Dzintars","Male",12,7,NA,2,"Vidzeme"
2,"Jānis","Dombrava","Male",12,7,NA,2,"Vidzeme"
3,"Ināra","Mūrniece","Female",12,7,NA,2,"Vidzeme"
4,"Rihards","Kols","Male",12,7,NA,2,"Vidzeme"
5,"Romāns","Naudiņš","Male",12,7,NA,2,"Vidzeme"
6,"Gatis","Sprūds","Male",12,7,NA,2,"Vidzeme"
7,"Gunārs","Rusiņš","Male",12,7,NA,2,"Vidzeme"
8,"Gunta","Liepiņa","Female",12,7,NA,2,"Vidzeme"
9,"Kārlis","Krēsliņš","Male",12,7,NA,2,"Vidzeme"
10,"Marika","Zeimule","Female",12,7,NA,2,"Vidzeme"
11,"Salvis","Smukais","Male",12,7,NA,2,"Vidzeme"
12,"Jānis","Dainis","Male",12,7,NA,2,"Vidzeme"
13,"Gunārs","Grīnbergs","Male",12,7,NA,2,"Vidzeme"
14,"Ainārs","Grikmanis","Male",12,7,NA,2,"Vidzeme"
15,"Jānis","Mājenieks","Male",12,7,NA,2,"Vidzeme"
16,"Normunds","Duļevskis","Male",12,7,NA,2,"Vidzeme"
17,"Jana","Zilkalne","Female",12,7,NA,2,"Vidzeme"
18,"Ilvija","Jakovina","Female",12,7,NA,2,"Vidzeme"
19,"Ginta","Eglīte","Female",12,7,NA,2,"Vidzeme"
20,"Irīna","Gedertsone","Female",12,7,NA,2,"Vidzeme"
21,"Jānis","Rāfelds","Male",12,7,NA,2,"Vidzeme"
22,"Daiga","Kalnbērziņa","Female",12,7,NA,2,"Vidzeme"
23,"Aivars","Sjademe","Male",12,7,NA,2,"Vidzeme"
24,"Marika","Berga","Female",12,7,NA,2,"Vidzeme"
25,"Inese","Gaumane","Female",12,7,NA,2,"Vidzeme"
26,"Kārlis","Skujiņš","Male",12,7,NA,2,"Vidzeme"
27,"Ieva","Preimane","Female",12,7,NA,2,"Vidzeme"
28,"Irīna","Mackus","Female",12,7,NA,2,"Vidzeme"
29,"Raivis","Zeltīts","Male",12,7,NA,2,"Vidzeme"
1,"Inese","Laizāne","Female",12,7,NA,3,"Latgale"
2,"Ērika","Teirumnieka","Female",12,7,NA,3,"Latgale"
3,"Antons","Kursītis","Male",12,7,NA,3,"Latgale"
4,"Dzintars","Mozgis","Male",12,7,NA,3,"Latgale"
5,"Jānis","Ratkevičs","Male",12,7,NA,3,"Latgale"
6,"Jānis","Vahers","Male",12,7,NA,3,"Latgale"
7,"Aija","Mežale","Female",12,7,NA,3,"Latgale"
8,"Jānis","Mūrnieks","Male",12,7,NA,3,"Latgale"
9,"Aleksandrs","Korņilovs","Male",12,7,NA,3,"Latgale"
10,"Ginta","Vilcāne","Female",12,7,NA,3,"Latgale"
11,"Ivo","Brūvers","Male",12,7,NA,3,"Latgale"
12,"Evija","Vaikina","Female",12,7,NA,3,"Latgale"
13,"Laimonis","Frīdbergs","Male",12,7,NA,3,"Latgale"
14,"Dainis","Svarups","Male",12,7,NA,3,"Latgale"
15,"Ilmārs","Geiba","Male",12,7,NA,3,"Latgale"
16,"Anita","Ratkeviča","Female",12,7,NA,3,"Latgale"
17,"Brigita","Gulbe","Female",12,7,NA,3,"Latgale"
1,"Gaidis","Bērziņš","Male",12,7,NA,4,"Kurzeme"
2,"Jānis","Iesalnieks","Male",12,7,NA,4,"Kurzeme"
3,"Dzintars","Kudums","Male",12,7,NA,4,"Kurzeme"
4,"Gundars","Sebris","Male",12,7,NA,4,"Kurzeme"
5,"Daina","Vanaga","Female",12,7,NA,4,"Kurzeme"
6,"Bruno","Jurševics","Male",12,7,NA,4,"Kurzeme"
7,"Janīna","Kursīte-Pakule","Female",12,7,NA,4,"Kurzeme"
8,"Kristīna","Rūtenberga","Female",12,7,NA,4,"Kurzeme"
9,"Guntra","Riņķe","Female",12,7,NA,4,"Kurzeme"
10,"Krista","Veita","Female",12,7,NA,4,"Kurzeme"
11,"Kristīne","Skrīvere","Female",12,7,NA,4,"Kurzeme"
12,"Santa","Laurinoviča","Female",12,7,NA,4,"Kurzeme"
13,"Ilze","Bertāne","Female",12,7,NA,4,"Kurzeme"
14,"Artūrs","Butāns","Male",12,7,NA,4,"Kurzeme"
15,"Raivis","Blumfelds","Male",12,7,NA,4,"Kurzeme"
16,"Ilze","Indriksone","Female",12,7,NA,4,"Kurzeme"
1,"Edvīns","Šnore","Male",12,7,NA,5,"Zemgale"
2,"Imants","Parādnieks","Male",12,7,NA,5,"Zemgale"
3,"Vineta","Poriņa","Female",12,7,NA,5,"Zemgale"
4,"Juris","Cīrulis","Male",12,7,NA,5,"Zemgale"
5,"Aivars","Okmanis","Male",12,7,NA,5,"Zemgale"
6,"Nauris","Puntulis","Male",12,7,NA,5,"Zemgale"
7,"Edvards","Ratnieks","Male",12,7,NA,5,"Zemgale"
8,"Andris","Buiķis","Male",12,7,NA,5,"Zemgale"
9,"Roberts","Šlegelmilhs","Male",12,7,NA,5,"Zemgale"
10,"Dainis","Rijkuris","Male",12,7,NA,5,"Zemgale"
11,"Inita","Nagņibeda","Female",12,7,NA,5,"Zemgale"
12,"Ilona","Bremze","Female",12,7,NA,5,"Zemgale"
13,"Agris","Riba","Male",12,7,NA,5,"Zemgale"
14,"Ieva","Cīrule","Female",12,7,NA,5,"Zemgale"
15,"Andris","Pastars","Male",12,7,NA,5,"Zemgale"
16,"Aina","Ķīse","Female",12,7,NA,5,"Zemgale"
17,"Gundars","Važa","Male",12,7,NA,5,"Zemgale"
1,"Mārtiņš","Šics","Male",12,8,"Reģionu Apvienība",1,"Rīga"
2,"Māra Viktorija","Zilgalve","Female",12,8,"Reģionu Apvienība",1,"Rīga"
3,"Inga","Bite","Female",12,8,"Reģionu Apvienība",1,"Rīga"
4,"Aivars","Timofejevs","Male",12,8,"Reģionu Apvienība",1,"Rīga"
5,"Armands","Agrums","Male",12,8,"Reģionu Apvienība",1,"Rīga"
6,"Andris","Rubins","Male",12,8,"Reģionu Apvienība",1,"Rīga"
7,"Aleksandrs","Dementjevs","Male",12,8,"Reģionu Apvienība",1,"Rīga"
8,"Mareks","Raups","Male",12,8,"Reģionu Apvienība",1,"Rīga"
9,"Margarita","Krauča","Female",12,8,"Reģionu Apvienība",1,"Rīga"
10,"Edgars","Abrams","Male",12,8,"Reģionu Apvienība",1,"Rīga"
11,"Margots","Rotbergs","Male",12,8,"Reģionu Apvienība",1,"Rīga"
12,"Jānis","Ābols","Male",12,8,"Reģionu Apvienība",1,"Rīga"
13,"Augusts","Kūravs","Male",12,8,"Reģionu Apvienība",1,"Rīga"
14,"Guntis","Bērziņš","Male",12,8,"Reģionu Apvienība",1,"Rīga"
15,"Ivars","Brīvers","Male",12,8,"Reģionu Apvienība",1,"Rīga"
16,"Andris","Lubiņš","Male",12,8,"Reģionu Apvienība",1,"Rīga"
17,"Aldis","Alliks","Male",12,8,"Reģionu Apvienība",1,"Rīga"
18,"Jānis","Dinne","Male",12,8,"Reģionu Apvienība",1,"Rīga"
19,"Aigars","Ozoliņš","Male",12,8,"Reģionu Apvienība",1,"Rīga"
20,"Ieva Margarita","Ozola","Female",12,8,"Reģionu Apvienība",1,"Rīga"
21,"Valdis","Holbergs","Male",12,8,"Reģionu Apvienība",1,"Rīga"
22,"Kārlis","Boitmanis","Male",12,8,"Reģionu Apvienība",1,"Rīga"
23,"Sarmīte","Janfelde","Female",12,8,"Reģionu Apvienība",1,"Rīga"
24,"Velta","Cimdiņa","Female",12,8,"Reģionu Apvienība",1,"Rīga"
25,"Benita","Malatkovska","Female",12,8,"Reģionu Apvienība",1,"Rīga"
26,"Inese","Čača","Female",12,8,"Reģionu Apvienība",1,"Rīga"
27,"Anita","Kokarēviča","Female",12,8,"Reģionu Apvienība",1,"Rīga"
28,"Rūdolfs","Plēpis","Male",12,8,"Reģionu Apvienība",1,"Rīga"
29,"Imants","Keišs","Male",12,8,"Reģionu Apvienība",1,"Rīga"
30,"Margarita","Visocka","Female",12,8,"Reģionu Apvienība",1,"Rīga"
31,"Juris","Baldiņš","Male",12,8,"Reģionu Apvienība",1,"Rīga"
32,"Gundars","Jegors","Male",12,8,"Reģionu Apvienība",1,"Rīga"
33,"Juris","Dzelme","Male",12,8,"Reģionu Apvienība",1,"Rīga"
34,"Dagnis","Reinsons","Male",12,8,"Reģionu Apvienība",1,"Rīga"
35,"Arturs","Kaimiņš","Male",12,8,"Reģionu Apvienība",1,"Rīga"
1,"Mārtiņš","Bondars","Male",12,8,"Reģionu Apvienība",2,"Vidzeme"
2,"Guntis","Gladkins","Male",12,8,"Reģionu Apvienība",2,"Vidzeme"
3,"Karina","Putniņa","Female",12,8,"Reģionu Apvienība",2,"Vidzeme"
4,"Māris","Trankalis","Male",12,8,"Reģionu Apvienība",2,"Vidzeme"
5,"Jānis","Ruks","Male",12,8,"Reģionu Apvienība",2,"Vidzeme"
6,"Aivars","Fomins","Male",12,8,"Reģionu Apvienība",2,"Vidzeme"
7,"Guntars","Bilsēns","Male",12,8,"Reģionu Apvienība",2,"Vidzeme"
8,"Ingrīda","Amantova","Female",12,8,"Reģionu Apvienība",2,"Vidzeme"
9,"Normunds","Mazūrs","Male",12,8,"Reģionu Apvienība",2,"Vidzeme"
10,"Māris","Pļaviņš","Male",12,8,"Reģionu Apvienība",2,"Vidzeme"
11,"Silvestrs","Rubins","Male",12,8,"Reģionu Apvienība",2,"Vidzeme"
12,"Ilga","Ozoliņa","Female",12,8,"Reģionu Apvienība",2,"Vidzeme"
13,"Jānis","Mazitāns","Male",12,8,"Reģionu Apvienība",2,"Vidzeme"
14,"Ilga","Vecziediņa","Female",12,8,"Reģionu Apvienība",2,"Vidzeme"
15,"Natālija","Vecgaile","Female",12,8,"Reģionu Apvienība",2,"Vidzeme"
16,"Gints","Rožkalns","Male",12,8,"Reģionu Apvienība",2,"Vidzeme"
17,"Sigita","Upmale","Female",12,8,"Reģionu Apvienība",2,"Vidzeme"
18,"Ilona","Balode","Female",12,8,"Reģionu Apvienība",2,"Vidzeme"
19,"Evita","Vinceviča","Female",12,8,"Reģionu Apvienība",2,"Vidzeme"
20,"Inta","Lemešonoka","Female",12,8,"Reģionu Apvienība",2,"Vidzeme"
21,"Linda","Ozoliņa","Female",12,8,"Reģionu Apvienība",2,"Vidzeme"
22,"Ingūna","Urtāne","Female",12,8,"Reģionu Apvienība",2,"Vidzeme"
23,"Jānis","Liepiņš","Male",12,8,"Reģionu Apvienība",2,"Vidzeme"
24,"Inese","Navra","Female",12,8,"Reģionu Apvienība",2,"Vidzeme"
25,"Gunta","Gasūna","Female",12,8,"Reģionu Apvienība",2,"Vidzeme"
26,"Jānis","Jurģelis","Male",12,8,"Reģionu Apvienība",2,"Vidzeme"
27,"Juris","Apinis","Male",12,8,"Reģionu Apvienība",2,"Vidzeme"
28,"Sandra","Zaiceva","Female",12,8,"Reģionu Apvienība",2,"Vidzeme"
29,"Varis","Krūmiņš","Male",12,8,"Reģionu Apvienība",2,"Vidzeme"
1,"Juris","Viļums","Male",12,8,"Reģionu Apvienība",3,"Latgale"
2,"Osvalds","Zvejsalnieks","Male",12,8,"Reģionu Apvienība",3,"Latgale"
3,"Jānis","Dinevičs","Male",12,8,"Reģionu Apvienība",3,"Latgale"
4,"Līvija","Jankovska","Female",12,8,"Reģionu Apvienība",3,"Latgale"
5,"Oskars","Zuģickis","Male",12,8,"Reģionu Apvienība",3,"Latgale"
6,"Mečislavs","Truskovskis","Male",12,8,"Reģionu Apvienība",3,"Latgale"
7,"Ingars","Gusāns","Male",12,8,"Reģionu Apvienība",3,"Latgale"
8,"Juris","Vorkalis","Male",12,8,"Reģionu Apvienība",3,"Latgale"
9,"Rolands","Keišs","Male",12,8,"Reģionu Apvienība",3,"Latgale"
10,"Guntis","Rasims","Male",12,8,"Reģionu Apvienība",3,"Latgale"
11,"Marija","Zeltiņa","Female",12,8,"Reģionu Apvienība",3,"Latgale"
12,"Lauris","Pastars","Male",12,8,"Reģionu Apvienība",3,"Latgale"
13,"Artūrs","Štagars","Male",12,8,"Reģionu Apvienība",3,"Latgale"
14,"Astrīda","Skrinda","Female",12,8,"Reģionu Apvienība",3,"Latgale"
15,"Sergejs","Kodors","Male",12,8,"Reģionu Apvienība",3,"Latgale"
16,"Andris","Liepiņš","Male",12,8,"Reģionu Apvienība",3,"Latgale"
17,"Gunārs","Igaunis","Male",12,8,"Reģionu Apvienība",3,"Latgale"
18,"Inga","Drele","Female",12,8,"Reģionu Apvienība",3,"Latgale"
1,"Nellija","Kleinberga","Female",12,8,"Reģionu Apvienība",4,"Kurzeme"
2,"Inita","Bišofa","Female",12,8,"Reģionu Apvienība",4,"Kurzeme"
3,"Arnis","Zekunde","Male",12,8,"Reģionu Apvienība",4,"Kurzeme"
4,"Raimonds","Kalniņš","Male",12,8,"Reģionu Apvienība",4,"Kurzeme"
5,"Normunds","Vilnītis","Male",12,8,"Reģionu Apvienība",4,"Kurzeme"
6,"Aija","Raudiņa","Female",12,8,"Reģionu Apvienība",4,"Kurzeme"
7,"Ingemars","Harmsens","Male",12,8,"Reģionu Apvienība",4,"Kurzeme"
8,"Līga","Stendze","Female",12,8,"Reģionu Apvienība",4,"Kurzeme"
9,"Dzintars","Legzdiņš","Male",12,8,"Reģionu Apvienība",4,"Kurzeme"
10,"Aidis","Herings","Male",12,8,"Reģionu Apvienība",4,"Kurzeme"
11,"Arvis","Leinbergs","Male",12,8,"Reģionu Apvienība",4,"Kurzeme"
12,"Jānis","Sergejenko","Male",12,8,"Reģionu Apvienība",4,"Kurzeme"
13,"Liene","Anševica","Female",12,8,"Reģionu Apvienība",4,"Kurzeme"
14,"Juris","Levics","Male",12,8,"Reģionu Apvienība",4,"Kurzeme"
15,"Arvīds","Kinstlers","Male",12,8,"Reģionu Apvienība",4,"Kurzeme"
16,"Zigrīda","Krauze","Female",12,8,"Reģionu Apvienība",4,"Kurzeme"
1,"Dainis","Liepiņš","Male",12,8,"Reģionu Apvienība",5,"Zemgale"
2,"Rihards","Melgailis","Male",12,8,"Reģionu Apvienība",5,"Zemgale"
3,"Ilgonis","Leišavnieks","Male",12,8,"Reģionu Apvienība",5,"Zemgale"
4,"Inga","Vanaga","Female",12,8,"Reģionu Apvienība",5,"Zemgale"
5,"Leonārija","Gudakovska","Female",12,8,"Reģionu Apvienība",5,"Zemgale"
6,"Kārlis","Rimša","Male",12,8,"Reģionu Apvienība",5,"Zemgale"
7,"Vladimirs","Samohins","Male",12,8,"Reģionu Apvienība",5,"Zemgale"
8,"Jānis","Ābele","Male",12,8,"Reģionu Apvienība",5,"Zemgale"
9,"Aija","Spriņķe","Female",12,8,"Reģionu Apvienība",5,"Zemgale"
10,"Aldis","Lazda","Male",12,8,"Reģionu Apvienība",5,"Zemgale"
11,"Aleksandrs","Novickis","Male",12,8,"Reģionu Apvienība",5,"Zemgale"
12,"Gunda","Cīrule","Female",12,8,"Reģionu Apvienība",5,"Zemgale"
13,"Inese","Caunīte","Female",12,8,"Reģionu Apvienība",5,"Zemgale"
14,"Marita","Oliņa","Female",12,8,"Reģionu Apvienība",5,"Zemgale"
15,"Vilis","Freimanis","Male",12,8,"Reģionu Apvienība",5,"Zemgale"
16,"Aivis","Biķernieks","Male",12,8,"Reģionu Apvienība",5,"Zemgale"
17,"Aivars","Ritenieks","Male",12,8,"Reģionu Apvienība",5,"Zemgale"
1,"Jānis","Bordāns","Male",12,9,"Jaunā konservatīvā",1,"Rīga"
2,"Austris","Grasis","Male",12,9,"Jaunā konservatīvā",1,"Rīga"
3,"Jolanta","Eihentāle","Female",12,9,"Jaunā konservatīvā",1,"Rīga"
4,"Aldis","Lieljuksis","Male",12,9,"Jaunā konservatīvā",1,"Rīga"
5,"Māris","Grīnbergs","Male",12,9,"Jaunā konservatīvā",1,"Rīga"
6,"Rūdolfs","Kalvāns","Male",12,9,"Jaunā konservatīvā",1,"Rīga"
7,"Eva","Eglāja-Kristsone","Female",12,9,"Jaunā konservatīvā",1,"Rīga"
8,"Inguss","Kudiņš","Male",12,9,"Jaunā konservatīvā",1,"Rīga"
9,"Līva","Veita","Female",12,9,"Jaunā konservatīvā",1,"Rīga"
10,"Vitauts","Ivonausks","Male",12,9,"Jaunā konservatīvā",1,"Rīga"
11,"Kristīne","Saleniece","Female",12,9,"Jaunā konservatīvā",1,"Rīga"
12,"Aldis","Upmalis","Male",12,9,"Jaunā konservatīvā",1,"Rīga"
13,"Ingūna","Vismane","Female",12,9,"Jaunā konservatīvā",1,"Rīga"
14,"Zigurds","Eglītis","Male",12,9,"Jaunā konservatīvā",1,"Rīga"
15,"Roberts","Lakučs","Male",12,9,"Jaunā konservatīvā",1,"Rīga"
16,"Laura","Rancāne","Female",12,9,"Jaunā konservatīvā",1,"Rīga"
17,"Gundars","Ābers","Male",12,9,"Jaunā konservatīvā",1,"Rīga"
18,"Astra","Feldmane","Female",12,9,"Jaunā konservatīvā",1,"Rīga"
19,"Māris","Virkavs","Male",12,9,"Jaunā konservatīvā",1,"Rīga"
20,"Ieva","Kalniņa","Female",12,9,"Jaunā konservatīvā",1,"Rīga"
21,"Gundars","Strazdiņš","Male",12,9,"Jaunā konservatīvā",1,"Rīga"
22,"Regīna","Vucāne","Female",12,9,"Jaunā konservatīvā",1,"Rīga"
23,"Aldis","Baltalksnis","Male",12,9,"Jaunā konservatīvā",1,"Rīga"
24,"Kalvis","Plismanis","Male",12,9,"Jaunā konservatīvā",1,"Rīga"
25,"Gunta","Dombrovska","Female",12,9,"Jaunā konservatīvā",1,"Rīga"
26,"Daina","Vīķele","Female",12,9,"Jaunā konservatīvā",1,"Rīga"
27,"Matīss","Kempe","Male",12,9,"Jaunā konservatīvā",1,"Rīga"
28,"Krišjānis","Brūvelis","Male",12,9,"Jaunā konservatīvā",1,"Rīga"
29,"Guntis","Leja","Male",12,9,"Jaunā konservatīvā",1,"Rīga"
30,"Jānis","Uha","Male",12,9,"Jaunā konservatīvā",1,"Rīga"
31,"Ūve","Perlbahs","Male",12,9,"Jaunā konservatīvā",1,"Rīga"
32,"Kristaps","Bogdanovičs","Male",12,9,"Jaunā konservatīvā",1,"Rīga"
1,"Gundars","Ābols","Male",12,9,"Jaunā konservatīvā",2,"Vidzeme"
2,"Raitis","Sijāts","Male",12,9,"Jaunā konservatīvā",2,"Vidzeme"
3,"Sanita","Megere-Klevinska","Female",12,9,"Jaunā konservatīvā",2,"Vidzeme"
4,"Kristaps","Rūde","Male",12,9,"Jaunā konservatīvā",2,"Vidzeme"
5,"Jānis","Siliņš","Male",12,9,"Jaunā konservatīvā",2,"Vidzeme"
6,"Lāsma","Žagota","Female",12,9,"Jaunā konservatīvā",2,"Vidzeme"
7,"Andris","Skuja","Male",12,9,"Jaunā konservatīvā",2,"Vidzeme"
8,"Edmunds","Visendorfs","Male",12,9,"Jaunā konservatīvā",2,"Vidzeme"
9,"Inguna","Gustava","Female",12,9,"Jaunā konservatīvā",2,"Vidzeme"
10,"Vitālijs","Birjukovs","Male",12,9,"Jaunā konservatīvā",2,"Vidzeme"
11,"Jadviga","Neilande","Female",12,9,"Jaunā konservatīvā",2,"Vidzeme"
12,"Ainars","Bašķis","Male",12,9,"Jaunā konservatīvā",2,"Vidzeme"
13,"Andris","Riekstiņš","Male",12,9,"Jaunā konservatīvā",2,"Vidzeme"
14,"Zemlita","Šīre","Female",12,9,"Jaunā konservatīvā",2,"Vidzeme"
15,"Valdis","Meijers","Male",12,9,"Jaunā konservatīvā",2,"Vidzeme"
16,"Jānis","Ozoliņš","Male",12,9,"Jaunā konservatīvā",2,"Vidzeme"
17,"Astrīda","Podziņa","Female",12,9,"Jaunā konservatīvā",2,"Vidzeme"
18,"Mārtiņš","Aizpurietis","Male",12,9,"Jaunā konservatīvā",2,"Vidzeme"
19,"Aivars","Ontužāns","Male",12,9,"Jaunā konservatīvā",2,"Vidzeme"
20,"Jānis","Kopštāls","Male",12,9,"Jaunā konservatīvā",2,"Vidzeme"
21,"Mārcis","Bergs","Male",12,9,"Jaunā konservatīvā",2,"Vidzeme"
22,"Ingemārs","Krūmiņš","Male",12,9,"Jaunā konservatīvā",2,"Vidzeme"
23,"Antra","Visendorfa","Female",12,9,"Jaunā konservatīvā",2,"Vidzeme"
24,"Dārta","Ose","Female",12,9,"Jaunā konservatīvā",2,"Vidzeme"
25,"Arvis","Urbāns","Male",12,9,"Jaunā konservatīvā",2,"Vidzeme"
26,"Toms","Bordāns","Male",12,9,"Jaunā konservatīvā",2,"Vidzeme"
1,"Eva","Mārtuža","Female",12,9,"Jaunā konservatīvā",3,"Latgale"
2,"Aigars","Zīmelis","Male",12,9,"Jaunā konservatīvā",3,"Latgale"
3,"Inga","Čekša-Ratniece","Female",12,9,"Jaunā konservatīvā",3,"Latgale"
4,"Dainis","Skrūzmanis","Male",12,9,"Jaunā konservatīvā",3,"Latgale"
5,"Raitis","Bukovskis","Male",12,9,"Jaunā konservatīvā",3,"Latgale"
6,"Jānis","Mārtužs","Male",12,9,"Jaunā konservatīvā",3,"Latgale"
7,"Īra","Alksne","Female",12,9,"Jaunā konservatīvā",3,"Latgale"
8,"Darja","Orele","Female",12,9,"Jaunā konservatīvā",3,"Latgale"
9,"Santa","Cabule","Female",12,9,"Jaunā konservatīvā",3,"Latgale"
10,"Vineta","Kiršteine","Female",12,9,"Jaunā konservatīvā",3,"Latgale"
11,"Indra","Ozoliņa","Female",12,9,"Jaunā konservatīvā",3,"Latgale"
12,"Ivars","Jasmanis","Male",12,9,"Jaunā konservatīvā",3,"Latgale"
1,"Krišjānis","Feldmans","Male",12,9,"Jaunā konservatīvā",4,"Kurzeme"
2,"Dāvis","Stalts","Male",12,9,"Jaunā konservatīvā",4,"Kurzeme"
3,"Inga","Gluzda","Female",12,9,"Jaunā konservatīvā",4,"Kurzeme"
4,"Guntars","Vaivars","Male",12,9,"Jaunā konservatīvā",4,"Kurzeme"
5,"Juris","Pavītols","Male",12,9,"Jaunā konservatīvā",4,"Kurzeme"
6,"Una","Celmiņa","Female",12,9,"Jaunā konservatīvā",4,"Kurzeme"
7,"Ansis","Roderts","Male",12,9,"Jaunā konservatīvā",4,"Kurzeme"
8,"Vilis","Bārtulis","Male",12,9,"Jaunā konservatīvā",4,"Kurzeme"
9,"Pēteris","Aglonietis","Male",12,9,"Jaunā konservatīvā",4,"Kurzeme"
10,"Diāna","Lūse","Female",12,9,"Jaunā konservatīvā",4,"Kurzeme"
11,"Didzis","Zviedris","Male",12,9,"Jaunā konservatīvā",4,"Kurzeme"
12,"Aigars","Sudmalis","Male",12,9,"Jaunā konservatīvā",4,"Kurzeme"
13,"Arnis","Kadiķis","Male",12,9,"Jaunā konservatīvā",4,"Kurzeme"
1,"Jānis","Tomels","Male",12,9,"Jaunā konservatīvā",5,"Zemgale"
2,"Agris","Zvaigzneskalns","Male",12,9,"Jaunā konservatīvā",5,"Zemgale"
3,"Juris","Tolpežņikovs","Male",12,9,"Jaunā konservatīvā",5,"Zemgale"
4,"Dainis","Rozenfelds","Male",12,9,"Jaunā konservatīvā",5,"Zemgale"
5,"Jānis","Brokāns","Male",12,9,"Jaunā konservatīvā",5,"Zemgale"
6,"Dmitrijs","Nikolajevs","Male",12,9,"Jaunā konservatīvā",5,"Zemgale"
7,"Zigurds","Kalējs","Male",12,9,"Jaunā konservatīvā",5,"Zemgale"
8,"Romeks","Fabjančiks","Male",12,9,"Jaunā konservatīvā",5,"Zemgale"
9,"Gundega","Jēkabsone","Female",12,9,"Jaunā konservatīvā",5,"Zemgale"
10,"Pēteris","Krampītis","Male",12,9,"Jaunā konservatīvā",5,"Zemgale"
11,"Elīna","Spiča","Female",12,9,"Jaunā konservatīvā",5,"Zemgale"
12,"Oskars","Apaļais","Male",12,9,"Jaunā konservatīvā",5,"Zemgale"
13,"Normunds","Eihentāls","Male",12,9,"Jaunā konservatīvā",5,"Zemgale"
14,"Normunds","Janelsiņš","Male",12,9,"Jaunā konservatīvā",5,"Zemgale"
1,"Miroslavs","Mitrofanovs","Male",12,10,"LKS",1,"Rīga"
2,"Irina","Cvetkova","Female",12,10,"LKS",1,"Rīga"
3,"Jakovs","Pliners","Male",12,10,"LKS",1,"Rīga"
4,"Vladimirs","Buzajevs","Male",12,10,"LKS",1,"Rīga"
5,"Pāvels","Kirillovs","Male",12,10,"LKS",1,"Rīga"
6,"Einārs","Graudiņš","Male",12,10,"LKS",1,"Rīga"
7,"Jeļena","Bačinska","Female",12,10,"LKS",1,"Rīga"
8,"Aleksandrs","Kuzmins","Male",12,10,"LKS",1,"Rīga"
9,"Natālija","Jolkina","Female",12,10,"LKS",1,"Rīga"
10,"Edvīns","Puķe","Male",12,10,"LKS",1,"Rīga"
11,"Vladislavs","Rafaļskis","Male",12,10,"LKS",1,"Rīga"
12,"Aleksandrs","Gamaļejevs","Male",12,10,"LKS",1,"Rīga"
13,"Vladimirs","Hodakovskis","Male",12,10,"LKS",1,"Rīga"
14,"Tatjana","Favorska","Female",12,10,"LKS",1,"Rīga"
15,"Vjačeslavs","Altuhovs","Male",12,10,"LKS",1,"Rīga"
16,"Tatjana","Jemeļjanova","Female",12,10,"LKS",1,"Rīga"
17,"Aina","Žuravļova","Female",12,10,"LKS",1,"Rīga"
18,"Viktorija","Murina","Female",12,10,"LKS",1,"Rīga"
19,"Edvards","Kvasņevskis","Male",12,10,"LKS",1,"Rīga"
20,"Nazira","Iso","Female",12,10,"LKS",1,"Rīga"
21,"Filips","Dudins","Male",12,10,"LKS",1,"Rīga"
22,"Taisja","Bite","Female",12,10,"LKS",1,"Rīga"
23,"Anatolijs","Grjaznovs","Male",12,10,"LKS",1,"Rīga"
24,"Tatjana","Babajeva","Female",12,10,"LKS",1,"Rīga"
25,"Dmitrijs","Jermaks","Male",12,10,"LKS",1,"Rīga"
26,"Tatjana","Jegorova","Female",12,10,"LKS",1,"Rīga"
27,"Aleksejs","Kurepins","Male",12,10,"LKS",1,"Rīga"
28,"Viktorija","Viļumsone","Female",12,10,"LKS",1,"Rīga"
29,"Valerijs","Solncevs","Male",12,10,"LKS",1,"Rīga"
30,"Nadežda","Jeļņikova","Female",12,10,"LKS",1,"Rīga"
31,"Gagiks","Sarkisjans","Male",12,10,"LKS",1,"Rīga"
1,"Aleksandrs","Filejs","Male",12,10,"LKS",2,"Vidzeme"
2,"Andris","Tolmačovs","Male",12,10,"LKS",2,"Vidzeme"
3,"Iļja","Kozirevs","Male",12,10,"LKS",2,"Vidzeme"
4,"Ludmila","Rodionova","Female",12,10,"LKS",2,"Vidzeme"
5,"Andrejs","Solopenko","Male",12,10,"LKS",2,"Vidzeme"
6,"Fjodors","Krupenkins","Male",12,10,"LKS",2,"Vidzeme"
7,"Ivans","Jengaševs","Male",12,10,"LKS",2,"Vidzeme"
8,"Aleksandrs","Prutkovs","Male",12,10,"LKS",2,"Vidzeme"
9,"Eduards","Bonders","Male",12,10,"LKS",2,"Vidzeme"
10,"Jeļena","Učaikina","Female",12,10,"LKS",2,"Vidzeme"
11,"Ludmila","Vorobjova","Female",12,10,"LKS",2,"Vidzeme"
1,"Jurijs","Zaicevs","Male",12,10,"LKS",3,"Latgale"
2,"Aleksandrs","Ļivčaks","Male",12,10,"LKS",3,"Latgale"
3,"Irina","Boļšakova","Female",12,10,"LKS",3,"Latgale"
4,"Aleksejs","Vasiļjevs","Male",12,10,"LKS",3,"Latgale"
5,"Anatolijs","Pušņakovs","Male",12,10,"LKS",3,"Latgale"
6,"Valērijs","Oščenkovs","Male",12,10,"LKS",3,"Latgale"
7,"Nikolajs","Harlamovs","Male",12,10,"LKS",3,"Latgale"
8,"Sergejs","Solovjovs","Male",12,10,"LKS",3,"Latgale"
9,"Valērijs","Orlovs","Male",12,10,"LKS",3,"Latgale"
10,"Ašots","Mamikonjans","Male",12,10,"LKS",3,"Latgale"
11,"Ivans","Popovs","Male",12,10,"LKS",3,"Latgale"
12,"Andrejs","Golubevs","Male",12,10,"LKS",3,"Latgale"
13,"Pāvels","Prozors","Male",12,10,"LKS",3,"Latgale"
14,"Maksims","Golubevs","Male",12,10,"LKS",3,"Latgale"
1,"Elita","Kosaka","Female",12,10,"LKS",4,"Kurzeme"
2,"Helēna","Geriloviča","Female",12,10,"LKS",4,"Kurzeme"
3,"Ilona","Titarenko","Female",12,10,"LKS",4,"Kurzeme"
4,"Konstantīns","Boroņins","Male",12,10,"LKS",4,"Kurzeme"
5,"Vladimirs","Kuzņecovs","Male",12,10,"LKS",4,"Kurzeme"
6,"Vladimirs","Vlasovs","Male",12,10,"LKS",4,"Kurzeme"
1,"Ludmila","Ušakova","Female",12,10,"LKS",5,"Zemgale"
2,"Viktors","Guščins","Male",12,10,"LKS",5,"Zemgale"
3,"Nataļja","Čehova","Female",12,10,"LKS",5,"Zemgale"
4,"Valentīna","Kudrjavceva","Female",12,10,"LKS",5,"Zemgale"
5,"Olga","Odincova","Female",12,10,"LKS",5,"Zemgale"
6,"Maksims","Galkins","Male",12,10,"LKS",5,"Zemgale"
7,"Nikolajs","Starikovs","Male",12,10,"LKS",5,"Zemgale"
8,"Vitālijs","Krugļešovs","Male",12,10,"LKS",5,"Zemgale"
9,"Deniss","Ignatjevs","Male",12,10,"LKS",5,"Zemgale"
10,"Jeļena","Beskorovainaja","Female",12,10,"LKS",5,"Zemgale"
11,"Jeļena","Kuzņecova","Female",12,10,"LKS",5,"Zemgale"
12,"Nadežda","Svincova","Female",12,10,"LKS",5,"Zemgale"
1,"Jānis","Urbanovičs","Male",12,11,"SC",1,"Rīga"
2,"Andrejs","Klementjevs","Male",12,11,"SC",1,"Rīga"
3,"Jānis","Geduševs","Male",12,11,"SC",1,"Rīga"
4,"Boriss","Cilevičs","Male",12,11,"SC",1,"Rīga"
5,"Sergejs","Mirskis","Male",12,11,"SC",1,"Rīga"
6,"Artūrs","Rubiks","Male",12,11,"SC",1,"Rīga"
7,"Agnis","Kalnkaziņš","Male",12,11,"SC",1,"Rīga"
8,"Raimonds","Gailis","Male",12,11,"SC",1,"Rīga"
9,"Sergejs","Potapkins","Male",12,11,"SC",1,"Rīga"
10,"Baiba","Rozentāle","Female",12,11,"SC",1,"Rīga"
11,"Ivo","Kiršblats","Male",12,11,"SC",1,"Rīga"
12,"Ivans","Klementjevs","Male",12,11,"SC",1,"Rīga"
13,"Ņikita","Ņikiforovs","Male",12,11,"SC",1,"Rīga"
14,"Jūlija","Stepaņenko","Female",12,11,"SC",1,"Rīga"
15,"Regīna","Ločmele-Luņova","Female",12,11,"SC",1,"Rīga"
16,"Igors","Pimenovs","Male",12,11,"SC",1,"Rīga"
17,"Mihails","Zemļinskis","Male",12,11,"SC",1,"Rīga"
18,"Inese","Švekle","Female",12,11,"SC",1,"Rīga"
19,"Igors","Zujevs","Male",12,11,"SC",1,"Rīga"
20,"Vladimirs","Ivanovs","Male",12,11,"SC",1,"Rīga"
21,"Jeļena","Zagainova","Female",12,11,"SC",1,"Rīga"
22,"Henrijs","Frīdenbergs","Male",12,11,"SC",1,"Rīga"
23,"Jeļena","Koncevaja","Female",12,11,"SC",1,"Rīga"
24,"Andrejs","Šikors","Male",12,11,"SC",1,"Rīga"
25,"Jeļena","Jakovļeva","Female",12,11,"SC",1,"Rīga"
26,"Viktors","Paškovs","Male",12,11,"SC",1,"Rīga"
27,"Inga","Ziņģe-Pupiņa","Female",12,11,"SC",1,"Rīga"
28,"Viesturs","Āboliņš","Male",12,11,"SC",1,"Rīga"
29,"Vladimirs","Žuks","Male",12,11,"SC",1,"Rīga"
30,"Raivis","Belohvoščiks","Male",12,11,"SC",1,"Rīga"
31,"Vladimirs","Eihenbaums","Male",12,11,"SC",1,"Rīga"
32,"Aleksandrs","Vasiļjevs","Male",12,11,"SC",1,"Rīga"
33,"Igors","Puntuss","Male",12,11,"SC",1,"Rīga"
34,"Nikolajs","Skačkovs","Male",12,11,"SC",1,"Rīga"
35,"Andris","Morozovs","Male",12,11,"SC",1,"Rīga"
1,"Ivars","Zariņš","Male",12,11,"SC",2,"Vidzeme"
2,"Sergejs","Dolgopolovs","Male",12,11,"SC",2,"Vidzeme"
3,"Kārlis","Leiškalns","Male",12,11,"SC",2,"Vidzeme"
4,"Jānis","Ādamsons","Male",12,11,"SC",2,"Vidzeme"
5,"Aleksandrs","Sakovskis","Male",12,11,"SC",2,"Vidzeme"
6,"Viktors","Jakovļevs","Male",12,11,"SC",2,"Vidzeme"
7,"Sandris","Bergmanis","Male",12,11,"SC",2,"Vidzeme"
8,"Edgars","Zveja","Male",12,11,"SC",2,"Vidzeme"
9,"Aivars Guntis","Kreituss","Male",12,11,"SC",2,"Vidzeme"
10,"Edgars","Vaikulis","Male",12,11,"SC",2,"Vidzeme"
11,"Ludmila","Fedorkova","Female",12,11,"SC",2,"Vidzeme"
12,"Ralfs","Morītis","Male",12,11,"SC",2,"Vidzeme"
13,"Andrejs","Kondratjuks","Male",12,11,"SC",2,"Vidzeme"
14,"Karina","Sprūde","Female",12,11,"SC",2,"Vidzeme"
15,"Valerijs","Vilčinskis","Male",12,11,"SC",2,"Vidzeme"
16,"Kristaps","Laucis","Male",12,11,"SC",2,"Vidzeme"
17,"Inese","Baikovska","Female",12,11,"SC",2,"Vidzeme"
18,"Aigars","Lavrinovičs","Male",12,11,"SC",2,"Vidzeme"
19,"Mārtiņš","Artiņš","Male",12,11,"SC",2,"Vidzeme"
20,"Tatjana","Rezņika","Female",12,11,"SC",2,"Vidzeme"
21,"Normunds","Vagalis","Male",12,11,"SC",2,"Vidzeme"
22,"Jānis","Priede","Male",12,11,"SC",2,"Vidzeme"
23,"Valdis","Kalniņš","Male",12,11,"SC",2,"Vidzeme"
24,"Fjodors","Maļonkins","Male",12,11,"SC",2,"Vidzeme"
25,"Igors","Žukovs","Male",12,11,"SC",2,"Vidzeme"
26,"Marks","Barkāns","Male",12,11,"SC",2,"Vidzeme"
27,"Raimonds","Bērziņš","Male",12,11,"SC",2,"Vidzeme"
28,"Vadims","Savkovs","Male",12,11,"SC",2,"Vidzeme"
29,"Ziedonis","Apariņš","Male",12,11,"SC",2,"Vidzeme"
1,"Andrejs","Elksniņš","Male",12,11,"SC",3,"Latgale"
2,"Jānis","Tutins","Male",12,11,"SC",3,"Latgale"
3,"Ivans","Ribakovs","Male",12,11,"SC",3,"Latgale"
4,"Vitālijs","Aizbalts","Male",12,11,"SC",3,"Latgale"
5,"Raimonds","Rubiks","Male",12,11,"SC",3,"Latgale"
6,"Jeļena","Lazareva","Female",12,11,"SC",3,"Latgale"
7,"Aleksandrs","Jakimovs","Male",12,11,"SC",3,"Latgale"
8,"Vladimirs","Nikonovs","Male",12,11,"SC",3,"Latgale"
9,"Marjana","Ivanova-Jevsejeva","Female",12,11,"SC",3,"Latgale"
10,"Oļegs","Hļebņikovs","Male",12,11,"SC",3,"Latgale"
11,"Normunds","Dimitrijevs","Male",12,11,"SC",3,"Latgale"
12,"Aļona","Annišineca","Female",12,11,"SC",3,"Latgale"
13,"Raimonds","Kalvišs","Male",12,11,"SC",3,"Latgale"
14,"Modris","Karpovs","Male",12,11,"SC",3,"Latgale"
15,"Leonids","Cvetkovs","Male",12,11,"SC",3,"Latgale"
16,"Einārs","Jurkevičs","Male",12,11,"SC",3,"Latgale"
17,"Viktors","Jasiņavičs","Male",12,11,"SC",3,"Latgale"
18,"Olga","Belova","Female",12,11,"SC",3,"Latgale"
1,"Valērijs","Agešins","Male",12,11,"SC",4,"Kurzeme"
2,"Raimonds","Rublovskis","Male",12,11,"SC",4,"Kurzeme"
3,"Indulis","Jankovskis","Male",12,11,"SC",4,"Kurzeme"
4,"Aleksejs","Medvedevs","Male",12,11,"SC",4,"Kurzeme"
5,"Romans","Miloslavskis","Male",12,11,"SC",4,"Kurzeme"
6,"Gaļina","Skorobogatova","Female",12,11,"SC",4,"Kurzeme"
7,"Vitalijs","Trusevičs","Male",12,11,"SC",4,"Kurzeme"
8,"Pjotrs","Jevtušenko","Male",12,11,"SC",4,"Kurzeme"
9,"Kristīna","Jablonska","Female",12,11,"SC",4,"Kurzeme"
10,"Vjačeslavs","Stunžāns","Male",12,11,"SC",4,"Kurzeme"
11,"Natalija","Tkačenko","Female",12,11,"SC",4,"Kurzeme"
12,"Gatis","Meiris","Male",12,11,"SC",4,"Kurzeme"
13,"Mihails","Cogla","Male",12,11,"SC",4,"Kurzeme"
14,"Jaroslavs","Dorenskis","Male",12,11,"SC",4,"Kurzeme"
15,"Sergejs","Galaveckis","Male",12,11,"SC",4,"Kurzeme"
16,"Dzintars","Obrickis","Male",12,11,"SC",4,"Kurzeme"
1,"Krišjānis","Peters","Male",12,11,"SC",5,"Zemgale"
2,"Vitālijs","Orlovs","Male",12,11,"SC",5,"Zemgale"
3,"Ivars","Jakovels","Male",12,11,"SC",5,"Zemgale"
4,"Valentīns","Grigorjevs","Male",12,11,"SC",5,"Zemgale"
5,"Nikolajs","Sokols","Male",12,11,"SC",5,"Zemgale"
6,"Zenta","Tretjaka","Female",12,11,"SC",5,"Zemgale"
7,"Iveta","Safranoviča","Female",12,11,"SC",5,"Zemgale"
8,"Andris","Arcimovičs","Male",12,11,"SC",5,"Zemgale"
9,"Sergejs","Pašukovs","Male",12,11,"SC",5,"Zemgale"
10,"Mareks","Žizņevskis","Male",12,11,"SC",5,"Zemgale"
11,"Anatolijs","Misjuks","Male",12,11,"SC",5,"Zemgale"
12,"Raitis","Čekšs","Male",12,11,"SC",5,"Zemgale"
13,"Mihails","Hohlovs","Male",12,11,"SC",5,"Zemgale"
14,"Ruslans","Vrobļevskis","Male",12,11,"SC",5,"Zemgale"
15,"Valerijs","Nikolajevs","Male",12,11,"SC",5,"Zemgale"
16,"Inna","Sakoviča","Female",12,11,"SC",5,"Zemgale"
17,"Irina","Dolgova","Female",12,11,"SC",5,"Zemgale"
1,"Guntis","Belēvičs","Male",12,12,"ZZS",1,"Rīga"
2,"Kārlis","Seržants","Male",12,12,"ZZS",1,"Rīga"
3,"Māris","Kučinskis","Male",12,12,"ZZS",1,"Rīga"
4,"Valdis","Kalnozols","Male",12,12,"ZZS",1,"Rīga"
5,"Edgars","Tavars","Male",12,12,"ZZS",1,"Rīga"
6,"Jānis","Rāzna","Male",12,12,"ZZS",1,"Rīga"
7,"Arvīds","Ulme","Male",12,12,"ZZS",1,"Rīga"
8,"Artūrs","Graudiņš","Male",12,12,"ZZS",1,"Rīga"
9,"Jānis","Stakens","Male",12,12,"ZZS",1,"Rīga"
10,"Reinis","Uzulnieks","Male",12,12,"ZZS",1,"Rīga"
11,"Elita","Kalniņa","Female",12,12,"ZZS",1,"Rīga"
12,"Inga","Gudēviča","Female",12,12,"ZZS",1,"Rīga"
13,"Jānis","Ieviņš","Male",12,12,"ZZS",1,"Rīga"
14,"Jānis","Zīvers","Male",12,12,"ZZS",1,"Rīga"
15,"Māris","Salzirnis","Male",12,12,"ZZS",1,"Rīga"
16,"Baiba","Stabulniece","Female",12,12,"ZZS",1,"Rīga"
17,"Māris","Slokenbergs","Male",12,12,"ZZS",1,"Rīga"
18,"Ģirts","Mazurs","Male",12,12,"ZZS",1,"Rīga"
19,"Gunārs","Binde","Male",12,12,"ZZS",1,"Rīga"
20,"Uldis","Beite","Male",12,12,"ZZS",1,"Rīga"
21,"Kristaps","Treimanis","Male",12,12,"ZZS",1,"Rīga"
22,"Daina","Vasiļevska","Female",12,12,"ZZS",1,"Rīga"
23,"Mārtiņš","Jirgens","Male",12,12,"ZZS",1,"Rīga"
24,"Gints","Briežkalns","Male",12,12,"ZZS",1,"Rīga"
25,"Dace","Rolava","Female",12,12,"ZZS",1,"Rīga"
26,"Jeļena","Malahova","Female",12,12,"ZZS",1,"Rīga"
27,"Renārs","Vītols","Male",12,12,"ZZS",1,"Rīga"
28,"Rolands","Bārenis","Male",12,12,"ZZS",1,"Rīga"
29,"Rihards","Plotka","Male",12,12,"ZZS",1,"Rīga"
30,"Gatis","Dzērve-Tāluts","Male",12,12,"ZZS",1,"Rīga"
31,"Rūta","Bendere","Female",12,12,"ZZS",1,"Rīga"
32,"Andris","Tēraudkalns","Male",12,12,"ZZS",1,"Rīga"
33,"Katrīna","Killa","Female",12,12,"ZZS",1,"Rīga"
34,"Ivars","Bārdiņš","Male",12,12,"ZZS",1,"Rīga"
35,"Askolds","Kļaviņš","Male",12,12,"ZZS",1,"Rīga"
1,"Jānis","Dūklavs","Male",12,12,"ZZS",2,"Vidzeme"
2,"Ingmārs","Līdaka","Male",12,12,"ZZS",2,"Vidzeme"
3,"Andris","Siliņš","Male",12,12,"ZZS",2,"Vidzeme"
4,"Armands","Krauze","Male",12,12,"ZZS",2,"Vidzeme"
5,"Inese","Aizstrauta","Female",12,12,"ZZS",2,"Vidzeme"
6,"Ainārs","Mežulis","Male",12,12,"ZZS",2,"Vidzeme"
7,"Indriķis","Putniņš","Male",12,12,"ZZS",2,"Vidzeme"
8,"Artis","Rasmanis","Male",12,12,"ZZS",2,"Vidzeme"
9,"Vugars","Ecmanis","Male",12,12,"ZZS",2,"Vidzeme"
10,"Arnis","Luhse","Male",12,12,"ZZS",2,"Vidzeme"
11,"Imants","Pastors","Male",12,12,"ZZS",2,"Vidzeme"
12,"Didzis","Zemmers","Male",12,12,"ZZS",2,"Vidzeme"
13,"Aivars","Nalivaiko","Male",12,12,"ZZS",2,"Vidzeme"
14,"Aivars","Straume","Male",12,12,"ZZS",2,"Vidzeme"
15,"Agris","Lungevičs","Male",12,12,"ZZS",2,"Vidzeme"
16,"Jānis","Leitis","Male",12,12,"ZZS",2,"Vidzeme"
17,"Valters","Dambe","Male",12,12,"ZZS",2,"Vidzeme"
18,"Voldemārs","Lūsis","Male",12,12,"ZZS",2,"Vidzeme"
19,"Gatis","Ābele","Male",12,12,"ZZS",2,"Vidzeme"
20,"Inese","Kārkliņa","Female",12,12,"ZZS",2,"Vidzeme"
21,"Inguna","Rožkalne-Žubure","Female",12,12,"ZZS",2,"Vidzeme"
22,"Vita","Pūķe","Female",12,12,"ZZS",2,"Vidzeme"
23,"Uldis","Plūmīte","Male",12,12,"ZZS",2,"Vidzeme"
24,"Māris","Dzelzskalns","Male",12,12,"ZZS",2,"Vidzeme"
25,"Gunārs","Ciglis","Male",12,12,"ZZS",2,"Vidzeme"
26,"Sandra","Rone","Female",12,12,"ZZS",2,"Vidzeme"
27,"Vijārs","Griķis","Male",12,12,"ZZS",2,"Vidzeme"
28,"Andris","Mihaļovs","Male",12,12,"ZZS",2,"Vidzeme"
29,"Ingrīda","Vilkārse","Female",12,12,"ZZS",2,"Vidzeme"
1,"Raimonds","Vējonis","Male",12,12,"ZZS",3,"Latgale"
2,"Rihards","Eigims","Male",12,12,"ZZS",3,"Latgale"
3,"Jānis","Klaužs","Male",12,12,"ZZS",3,"Latgale"
4,"Jānis","Trupovnieks","Male",12,12,"ZZS",3,"Latgale"
5,"Līga","Kozlovska","Female",12,12,"ZZS",3,"Latgale"
6,"Ēvalds","Cauņa","Male",12,12,"ZZS",3,"Latgale"
7,"Andrejs","Panteļējevs","Male",12,12,"ZZS",3,"Latgale"
8,"Staņislavs","Šķesters","Male",12,12,"ZZS",3,"Latgale"
9,"Vitolds","Kudurs","Male",12,12,"ZZS",3,"Latgale"
10,"Pāvels","Melnis","Male",12,12,"ZZS",3,"Latgale"
11,"Arvīds","Raciborskis","Male",12,12,"ZZS",3,"Latgale"
12,"Antija","Vēvere","Female",12,12,"ZZS",3,"Latgale"
13,"Diāna","Upeniece","Female",12,12,"ZZS",3,"Latgale"
14,"Ruta","Grustāne","Female",12,12,"ZZS",3,"Latgale"
15,"Izolde","Stugle","Female",12,12,"ZZS",3,"Latgale"
16,"Kaspars","Rimšs","Male",12,12,"ZZS",3,"Latgale"
17,"Jānis","Golubevs","Male",12,12,"ZZS",3,"Latgale"
18,"Valerijs","Kozlovs","Male",12,12,"ZZS",3,"Latgale"
1,"Dana","Reizniece-Ozola","Female",12,12,"ZZS",4,"Kurzeme"
2,"Aija","Barča","Female",12,12,"ZZS",4,"Kurzeme"
3,"Gundars","Daudze","Male",12,12,"ZZS",4,"Kurzeme"
4,"Mareks","Segliņš","Male",12,12,"ZZS",4,"Kurzeme"
5,"Dainis","Karols","Male",12,12,"ZZS",4,"Kurzeme"
6,"Alfons","Spēks","Male",12,12,"ZZS",4,"Kurzeme"
7,"Jānis","Vucāns","Male",12,12,"ZZS",4,"Kurzeme"
8,"Irēna","Opšteine","Female",12,12,"ZZS",4,"Kurzeme"
9,"Ilze","Kļava","Female",12,12,"ZZS",4,"Kurzeme"
10,"Mārtiņš","Martinsons","Male",12,12,"ZZS",4,"Kurzeme"
11,"Aldis","Slavinskis","Male",12,12,"ZZS",4,"Kurzeme"
12,"Aivars","Rudzroga","Male",12,12,"ZZS",4,"Kurzeme"
13,"Edgars","Putra","Male",12,12,"ZZS",4,"Kurzeme"
14,"Jānis","Megnis","Male",12,12,"ZZS",4,"Kurzeme"
15,"Uldis","Boitmanis","Male",12,12,"ZZS",4,"Kurzeme"
16,"Valdis","Skujiņš","Male",12,12,"ZZS",4,"Kurzeme"
1,"Augusts","Brigmanis","Male",12,12,"ZZS",5,"Zemgale"
2,"Uldis","Augulis","Male",12,12,"ZZS",5,"Zemgale"
3,"Andris","Bērziņš","Male",12,12,"ZZS",5,"Zemgale"
4,"Raimonds","Bergmanis","Male",12,12,"ZZS",5,"Zemgale"
5,"Juris","Vectirāns","Male",12,12,"ZZS",5,"Zemgale"
6,"Vilnis","Veinbergs","Male",12,12,"ZZS",5,"Zemgale"
7,"Dagnija","Staķe","Female",12,12,"ZZS",5,"Zemgale"
8,"Inga","Štāle","Female",12,12,"ZZS",5,"Zemgale"
9,"Aivars","Dronka","Male",12,12,"ZZS",5,"Zemgale"
10,"Mārtiņš","Ruža","Male",12,12,"ZZS",5,"Zemgale"
11,"Ilona","Virza-Zariņa","Female",12,12,"ZZS",5,"Zemgale"
12,"Ēriks","Zaporožecs","Male",12,12,"ZZS",5,"Zemgale"
13,"Guntis","Kalniņš","Male",12,12,"ZZS",5,"Zemgale"
14,"Elita","Keiša","Female",12,12,"ZZS",5,"Zemgale"
15,"Jānis","Blūzmanis","Male",12,12,"ZZS",5,"Zemgale"
16,"Alīda","Vāne","Female",12,12,"ZZS",5,"Zemgale"
17,"Liene","Rulle","Female",12,12,"ZZS",5,"Zemgale"
1,"Inguna","Sudraba","Female",12,13,"No sirds Latvijai",1,"Rīga"
2,"Andris","Priekulis","Male",12,13,"No sirds Latvijai",1,"Rīga"
3,"Romāns","Mežeckis","Male",12,13,"No sirds Latvijai",1,"Rīga"
4,"Dace","Nulle","Female",12,13,"No sirds Latvijai",1,"Rīga"
5,"Valdis","Lauskis","Male",12,13,"No sirds Latvijai",1,"Rīga"
6,"Valters","Bolēvics","Male",12,13,"No sirds Latvijai",1,"Rīga"
7,"Inna","Laizāne","Female",12,13,"No sirds Latvijai",1,"Rīga"
8,"Andrejs","Krasņikovs","Male",12,13,"No sirds Latvijai",1,"Rīga"
9,"Tālis","Laizāns","Male",12,13,"No sirds Latvijai",1,"Rīga"
10,"Daina","Medne","Female",12,13,"No sirds Latvijai",1,"Rīga"
11,"Inguna","Kalniņa","Female",12,13,"No sirds Latvijai",1,"Rīga"
12,"Ēriks","Treļs","Male",12,13,"No sirds Latvijai",1,"Rīga"
13,"Sergejs","Parvatkins","Male",12,13,"No sirds Latvijai",1,"Rīga"
14,"Sandra","Bāliņa","Female",12,13,"No sirds Latvijai",1,"Rīga"
15,"Heino","Spulģis","Male",12,13,"No sirds Latvijai",1,"Rīga"
16,"Daina","Verveiko","Female",12,13,"No sirds Latvijai",1,"Rīga"
17,"Jānis","Liberts","Male",12,13,"No sirds Latvijai",1,"Rīga"
18,"Jekaterīna","Pavlova","Female",12,13,"No sirds Latvijai",1,"Rīga"
19,"Mārtiņš","Smilga","Male",12,13,"No sirds Latvijai",1,"Rīga"
20,"Vladimirs","Zvonarevs","Male",12,13,"No sirds Latvijai",1,"Rīga"
21,"Jānis","Grigalis","Male",12,13,"No sirds Latvijai",1,"Rīga"
22,"Marita","Eisaka","Female",12,13,"No sirds Latvijai",1,"Rīga"
23,"Andrejs","Jirgensons","Male",12,13,"No sirds Latvijai",1,"Rīga"
24,"Roksana","Rudeviča","Female",12,13,"No sirds Latvijai",1,"Rīga"
25,"Tamāra","Brice","Female",12,13,"No sirds Latvijai",1,"Rīga"
26,"Vladimirs","Rusanovs","Male",12,13,"No sirds Latvijai",1,"Rīga"
27,"Artūrs","Žalostibs","Male",12,13,"No sirds Latvijai",1,"Rīga"
28,"Baiba","Reitere","Female",12,13,"No sirds Latvijai",1,"Rīga"
29,"Jānis","Zalcmanis","Male",12,13,"No sirds Latvijai",1,"Rīga"
30,"Nelli","Kutukova","Female",12,13,"No sirds Latvijai",1,"Rīga"
31,"Aleksejs","Trigubjuks","Male",12,13,"No sirds Latvijai",1,"Rīga"
32,"Silva","Lazda-Poikāne","Female",12,13,"No sirds Latvijai",1,"Rīga"
33,"Rihards","Fridbergs","Male",12,13,"No sirds Latvijai",1,"Rīga"
1,"Gunārs","Kūtris","Male",12,13,"No sirds Latvijai",2,"Vidzeme"
2,"Ineta","Stabulniece","Female",12,13,"No sirds Latvijai",2,"Vidzeme"
3,"Liene","Cipule","Female",12,13,"No sirds Latvijai",2,"Vidzeme"
4,"Arvīds","Platpers","Male",12,13,"No sirds Latvijai",2,"Vidzeme"
5,"Guntars","Viziņš","Male",12,13,"No sirds Latvijai",2,"Vidzeme"
6,"Guntars","Dārznieks","Male",12,13,"No sirds Latvijai",2,"Vidzeme"
7,"Jānis","Garbovskis","Male",12,13,"No sirds Latvijai",2,"Vidzeme"
8,"Māris","Jurušs","Male",12,13,"No sirds Latvijai",2,"Vidzeme"
9,"Guntars","Driņķis","Male",12,13,"No sirds Latvijai",2,"Vidzeme"
10,"Oskars","Lūsis","Male",12,13,"No sirds Latvijai",2,"Vidzeme"
11,"Iveta","Ozoliņa","Female",12,13,"No sirds Latvijai",2,"Vidzeme"
12,"Normunds","Tukišs","Male",12,13,"No sirds Latvijai",2,"Vidzeme"
13,"Jautrīte","Ašurova","Female",12,13,"No sirds Latvijai",2,"Vidzeme"
14,"Inese","Straume","Female",12,13,"No sirds Latvijai",2,"Vidzeme"
15,"Valters","Rotkājs","Male",12,13,"No sirds Latvijai",2,"Vidzeme"
16,"Modra","Vilkauša","Female",12,13,"No sirds Latvijai",2,"Vidzeme"
17,"Juris","Kajaks","Male",12,13,"No sirds Latvijai",2,"Vidzeme"
18,"Gints","Kragliks","Male",12,13,"No sirds Latvijai",2,"Vidzeme"
19,"Igors","Tračums","Male",12,13,"No sirds Latvijai",2,"Vidzeme"
20,"Marks","Lomonosovs","Male",12,13,"No sirds Latvijai",2,"Vidzeme"
21,"Ineta","Kona","Female",12,13,"No sirds Latvijai",2,"Vidzeme"
22,"Tahirs","Sīmanis","Male",12,13,"No sirds Latvijai",2,"Vidzeme"
23,"Silvija","Saviča","Female",12,13,"No sirds Latvijai",2,"Vidzeme"
24,"Klāvs","Miezis","Male",12,13,"No sirds Latvijai",2,"Vidzeme"
25,"Margarita","Laicāne","Female",12,13,"No sirds Latvijai",2,"Vidzeme"
26,"Inguna","Pelše","Female",12,13,"No sirds Latvijai",2,"Vidzeme"
27,"Inese","Pivare","Female",12,13,"No sirds Latvijai",2,"Vidzeme"
1,"Silvija","Šimfa","Female",12,13,"No sirds Latvijai",3,"Latgale"
2,"Anita","Petrova","Female",12,13,"No sirds Latvijai",3,"Latgale"
3,"Valentīna","Šabuņeviča","Female",12,13,"No sirds Latvijai",3,"Latgale"
4,"Skaidrīte","Grigale","Female",12,13,"No sirds Latvijai",3,"Latgale"
5,"Raimonds","Nipers","Male",12,13,"No sirds Latvijai",3,"Latgale"
6,"Anžela","Dubovska","Female",12,13,"No sirds Latvijai",3,"Latgale"
7,"Anatolijs","Romaņuks","Male",12,13,"No sirds Latvijai",3,"Latgale"
8,"Jānis","Dārziņš","Male",12,13,"No sirds Latvijai",3,"Latgale"
9,"Valentīna","Lazovska","Female",12,13,"No sirds Latvijai",3,"Latgale"
10,"Romualds","Maculevičs","Male",12,13,"No sirds Latvijai",3,"Latgale"
11,"Natālija","Tautkusa","Female",12,13,"No sirds Latvijai",3,"Latgale"
12,"Vera","Doreiko-Sinkeviča","Female",12,13,"No sirds Latvijai",3,"Latgale"
13,"Eduards","Grubevičs","Male",12,13,"No sirds Latvijai",3,"Latgale"
14,"Andrejs","Kitovs","Male",12,13,"No sirds Latvijai",3,"Latgale"
15,"Ilgvars","Ugars","Male",12,13,"No sirds Latvijai",3,"Latgale"
16,"Leonīds","Kaļiņins","Male",12,13,"No sirds Latvijai",3,"Latgale"
1,"Ringolds","Balodis","Male",12,13,"No sirds Latvijai",4,"Kurzeme"
2,"Daiga","Kalniņa","Female",12,13,"No sirds Latvijai",4,"Kurzeme"
3,"Guntis","Rolis","Male",12,13,"No sirds Latvijai",4,"Kurzeme"
4,"Māris","Nagla","Male",12,13,"No sirds Latvijai",4,"Kurzeme"
5,"Natālija","Magazeina","Female",12,13,"No sirds Latvijai",4,"Kurzeme"
6,"Jānis","Neimanis","Male",12,13,"No sirds Latvijai",4,"Kurzeme"
7,"Pēteris","Kolāts","Male",12,13,"No sirds Latvijai",4,"Kurzeme"
8,"Juris","Jaunzems","Male",12,13,"No sirds Latvijai",4,"Kurzeme"
9,"Iveta","Tumaščika","Female",12,13,"No sirds Latvijai",4,"Kurzeme"
10,"Daiga","Zipeva-Biumane","Female",12,13,"No sirds Latvijai",4,"Kurzeme"
11,"Sandis","Bārdiņš","Male",12,13,"No sirds Latvijai",4,"Kurzeme"
12,"Jānis","Veips","Male",12,13,"No sirds Latvijai",4,"Kurzeme"
13,"Inese","Lagzdiņa","Female",12,13,"No sirds Latvijai",4,"Kurzeme"
1,"Aivars","Meija","Male",12,13,"No sirds Latvijai",5,"Zemgale"
2,"Diāna","Novicka","Female",12,13,"No sirds Latvijai",5,"Zemgale"
3,"Inese","Vārslavāne","Female",12,13,"No sirds Latvijai",5,"Zemgale"
4,"Ivars","Falks","Male",12,13,"No sirds Latvijai",5,"Zemgale"
5,"Edmunds","Pētersons","Male",12,13,"No sirds Latvijai",5,"Zemgale"
6,"Viktors","Lelis","Male",12,13,"No sirds Latvijai",5,"Zemgale"
7,"Aivars","Saulītis","Male",12,13,"No sirds Latvijai",5,"Zemgale"
8,"Jānis","Kurpnieks","Male",12,13,"No sirds Latvijai",5,"Zemgale"
9,"Ivars","Amoliņš","Male",12,13,"No sirds Latvijai",5,"Zemgale"
10,"Juris","Razživins","Male",12,13,"No sirds Latvijai",5,"Zemgale"
11,"Indulis","Skudra","Male",12,13,"No sirds Latvijai",5,"Zemgale"
12,"Dace","Kaminska","Female",12,13,"No sirds Latvijai",5,"Zemgale"
13,"Ivars","Krusts","Male",12,13,"No sirds Latvijai",5,"Zemgale"
14,"Agris","Meirēns","Male",12,13,"No sirds Latvijai",5,"Zemgale"
15,"Liāna","Ulmane","Female",12,13,"No sirds Latvijai",5,"Zemgale"
16,"Iveta","Žvagiņa","Female",12,13,"No sirds Latvijai",5,"Zemgale"
