"AlphaNum","Candidate","Rīga","Vidzeme","Latgale","Kurzeme","Zemgale","PartyNum","PartyAbbr"
1,"Agris Akulovs",,,,7,,1,"Latvijas attīstībai"
2,"Inese Albova",,23,,,,1,"Latvijas attīstībai"
3,"Ineta Atgāze",22,,,,,1,"Latvijas attīstībai"
4,"Ģirts Auškāps",7,,,,,1,"Latvijas attīstībai"
5,"Andris Bačkurs",4,,,,,1,"Latvijas attīstībai"
6,"Zane Baltgaile",6,,,,,1,"Latvijas attīstībai"
7,"Erlends Baļķens",,9,,,,1,"Latvijas attīstībai"
8,"Māris Beķers",,,,,8,1,"Latvijas attīstībai"
9,"Artūrs Bergholcs",,10,,,,1,"Latvijas attīstībai"
10,"Ralfs Birķis",5,,,,,1,"Latvijas attīstībai"
11,"Ģirts Bite",15,,,,,1,"Latvijas attīstībai"
12,"Liene Blūma",12,,,,,1,"Latvijas attīstībai"
13,"Aleksejs Bočarovs",,,8,,,1,"Latvijas attīstībai"
14,"Kaspars Bucis",,,,5,,1,"Latvijas attīstībai"
15,"Artūrs Bušs",13,,,,,1,"Latvijas attīstībai"
16,"Liene Cakare",2,,,,,1,"Latvijas attīstībai"
17,"Edgars Ciblis",,,14,,,1,"Latvijas attīstībai"
18,"Uldis Ciekurs",,7,,,,1,"Latvijas attīstībai"
19,"Iveta Ciganova",,,,4,,1,"Latvijas attīstībai"
20,"Viola Daniela",,17,,,,1,"Latvijas attīstībai"
21,"Inese Drone",10,,,,,1,"Latvijas attīstībai"
22,"Pēteris Eimanis",,19,,,,1,"Latvijas attīstībai"
23,"Naira Frijāre",,,,,7,1,"Latvijas attīstībai"
24,"Baiba Fromane",,2,,,,1,"Latvijas attīstībai"
25,"Olga Geitus-Eitvina",,,3,,,1,"Latvijas attīstībai"
26,"Izolde Glavāne",,12,,,,1,"Latvijas attīstībai"
27,"Raivis Grandāns",,,,,9,1,"Latvijas attīstībai"
28,"Mārtiņš Grīnbergs",25,,,,,1,"Latvijas attīstībai"
29,"Arvīds Grīnfelds",,6,,,,1,"Latvijas attīstībai"
30,"Ilmārs Gruduls",28,,,,,1,"Latvijas attīstībai"
31,"Jana Hermane",,20,,,,1,"Latvijas attīstībai"
32,"Oskars Ikstens",,,5,,,1,"Latvijas attīstībai"
33,"Emīls Jakrins",,3,,,,1,"Latvijas attīstībai"
34,"Ineta Jansone",11,,,,,1,"Latvijas attīstībai"
35,"Jūlija Jaunrodziņa",,,6,,,1,"Latvijas attīstībai"
36,"Edgars Jaunups",,,1,,,1,"Latvijas attīstībai"
37,"Vladimirs Jefimovs",24,,,,,1,"Latvijas attīstībai"
38,"Mihails Juhņevičs",,,11,,,1,"Latvijas attīstībai"
39,"Edgars Kalējs",14,,,,,1,"Latvijas attīstībai"
40,"Ainārs Kalniņš",21,,,,,1,"Latvijas attīstībai"
41,"Andris Kārkliņš",,18,,,,1,"Latvijas attīstībai"
42,"Gunita Keiriša",,21,,,,1,"Latvijas attīstībai"
43,"Dace Kizino",,4,,,,1,"Latvijas attīstībai"
44,"Toms Krastenbergs",,,,,13,1,"Latvijas attīstībai"
45,"Ēriks Kumerdanks",18,,,,,1,"Latvijas attīstībai"
46,"Visvaldis Kursītis",,,9,,,1,"Latvijas attīstībai"
47,"Kristaps Laipnieks",19,,,,,1,"Latvijas attīstībai"
48,"Inga Lamstere",,11,,,,1,"Latvijas attīstībai"
49,"Vadims Lapins",,26,,,,1,"Latvijas attīstībai"
50,"Ilze Latiša",,,7,,,1,"Latvijas attīstībai"
51,"Viesturs Liepkalns",26,,,,,1,"Latvijas attīstībai"
52,"Miks Lormanis",,,,6,,1,"Latvijas attīstībai"
53,"Santa Markauska",,,,10,,1,"Latvijas attīstībai"
54,"Kristīne Mirzahanjana",23,,,,,1,"Latvijas attīstībai"
55,"Vladimirs Mišins",32,,,,,1,"Latvijas attīstībai"
56,"Zane Muceniece",,,,,14,1,"Latvijas attīstībai"
57,"Nelda Otvare",29,,,,,1,"Latvijas attīstībai"
58,"Arta Pirktiņa",17,,,,,1,"Latvijas attīstībai"
59,"Uldis Pirktiņš",,,,3,,1,"Latvijas attīstībai"
60,"Rihards Pīks",,,,1,,1,"Latvijas attīstībai"
61,"Artūrs Toms Plešs",,,,,6,1,"Latvijas attīstībai"
62,"Rolands Pogulis",16,,,,,1,"Latvijas attīstībai"
63,"Laila Pole",,,,,4,1,"Latvijas attīstībai"
64,"Iveta Preisa-Imaka",,14,,,,1,"Latvijas attīstībai"
65,"Agris Punculs",,,2,,,1,"Latvijas attīstībai"
66,"Juris Pūce",1,,,,,1,"Latvijas attīstībai"
67,"Andris Radelis",,,,12,,1,"Latvijas attīstībai"
68,"Einars Repše",,1,,,,1,"Latvijas attīstībai"
69,"Vladimirs Reskājs",,,,,1,1,"Latvijas attīstībai"
70,"Juris Rieksts-Riekstiņš",,25,,,,1,"Latvijas attīstībai"
71,"Antra Roskoša",8,,,,,1,"Latvijas attīstībai"
72,"Mārtiņš Roze",30,,,,,1,"Latvijas attīstībai"
73,"Aija Rozena",,16,,,,1,"Latvijas attīstībai"
74,"Dzintars Rozens",,15,,,,1,"Latvijas attīstībai"
75,"Ilga Sitale",31,,,,,1,"Latvijas attīstībai"
76,"Renārs Smoļaks",20,,,,,1,"Latvijas attīstībai"
77,"Pauls Sondors",,8,,,,1,"Latvijas attīstībai"
78,"Elita Sproģe",,,,,3,1,"Latvijas attīstībai"
79,"Ieva Strongina",,24,,,,1,"Latvijas attīstībai"
80,"Eduards Sūniņš",,5,,,,1,"Latvijas attīstībai"
81,"Agnija Šankova",,,,9,,1,"Latvijas attīstībai"
82,"Juris Šmits",,,,8,,1,"Latvijas attīstībai"
83,"Rūdolfs Šnepsts",,,,11,,1,"Latvijas attīstībai"
84,"Toms Šubrovskis",,,10,,,1,"Latvijas attīstībai"
85,"Zane Šūmakere",,,,,5,1,"Latvijas attīstībai"
86,"Raitis Tukāns",,,15,,,1,"Latvijas attīstībai"
87,"Vilnis Tukums",,,,13,,1,"Latvijas attīstībai"
88,"Edgars Upenieks",,,,,12,1,"Latvijas attīstībai"
89,"Mārtiņš Vadzis",,,,,2,1,"Latvijas attīstībai"
90,"Sabīne Vārtiņa",,22,,,,1,"Latvijas attīstībai"
91,"Ksenija Vēze-Veise",,,,,11,1,"Latvijas attīstībai"
92,"Armands Vijups",,13,,,,1,"Latvijas attīstībai"
93,"Aiva Vilcāne",,,,2,,1,"Latvijas attīstībai"
94,"Rasma Zaharenko",,,4,,,1,"Latvijas attīstībai"
95,"Kristaps Zaharkevičs",27,,,,,1,"Latvijas attīstībai"
96,"Iveta Zalpētere",3,,,,,1,"Latvijas attīstībai"
97,"Edgars Zandmanis",,,13,,,1,"Latvijas attīstībai"
98,"Vilis Zilgalvis",,,12,,,1,"Latvijas attīstībai"
99,"Armands Zivtiņš",9,,,,,1,"Latvijas attīstībai"
100,"Linda Žukovska",,,,,10,1,"Latvijas attīstībai"
1,"Ilvars Barkāns",,,9,,,2,"Suverenitāte"
2,"Māris Barkāns",13,,,,,2,"Suverenitāte"
3,"Jānis Cīrulis",,8,,,,2,"Suverenitāte"
4,"Dmitrijs Dēliņš",,,,5,,2,"Suverenitāte"
5,"Ivans Feščenko",,,7,,,2,"Suverenitāte"
6,"Artis Freibergs",,3,,,,2,"Suverenitāte"
7,"Sergejs Golodņikovs",12,,,,,2,"Suverenitāte"
8,"Dainis Grabovskis",,,,,1,2,"Suverenitāte"
9,"Sigurds Graudiņš",,,,,4,2,"Suverenitāte"
10,"Inga Gutberga",4,,,,,2,"Suverenitāte"
11,"Aleksandrs Kačalkins",,,,,3,2,"Suverenitāte"
12,"Jeļena Kantāne",6,,,,,2,"Suverenitāte"
13,"Zane Lejniece-Puķe",,6,,,,2,"Suverenitāte"
14,"Raimonds Lejnieks-Puķe",,,,,2,2,"Suverenitāte"
15,"Andrejs Nikoļskis",8,,,,,2,"Suverenitāte"
16,"Andris Orols",1,,,,,2,"Suverenitāte"
17,"Ingars Pētersons",,,2,,,2,"Suverenitāte"
18,"Edgars Poika",9,,,,,2,"Suverenitāte"
19,"Aleksandrs Poika",,4,,,,2,"Suverenitāte"
20,"Tatjana Popova",,,,4,,2,"Suverenitāte"
21,"Artūrs Ratnieks",3,,,,,2,"Suverenitāte"
22,"Žanna Redzoba",,,,,5,2,"Suverenitāte"
23,"Kaspars Savickis",11,,,,,2,"Suverenitāte"
24,"Uldis Sēne",,,,3,,2,"Suverenitāte"
25,"Artis Silavnieks",10,,,,,2,"Suverenitāte"
26,"Aleksandra Siliniece",,,4,,,2,"Suverenitāte"
27,"Aivars Silinieks",2,,,,,2,"Suverenitāte"
28,"Georgijs Sokolovskis",,9,,,,2,"Suverenitāte"
29,"Lita Sproģe",,,,2,,2,"Suverenitāte"
30,"Ēvalds Staris",,,6,,,2,"Suverenitāte"
31,"Maira Stumbre",7,,,,,2,"Suverenitāte"
32,"Agris Sūna",,2,,,,2,"Suverenitāte"
33,"Armands Šenbergs",5,,,,,2,"Suverenitāte"
34,"Kristīne Ševeļova",,,,,6,2,"Suverenitāte"
35,"Jevgēnijs Šuļga",,,5,,,2,"Suverenitāte"
36,"Ēriks Trukšāns",,,8,,,2,"Suverenitāte"
37,"Dmitrijs Usins",,,1,,,2,"Suverenitāte"
38,"Kaspars Vainovskis",,7,,,,2,"Suverenitāte"
39,"Andrejs Vasiļjevs",,,3,,,2,"Suverenitāte"
40,"Guntra Vīksna",,1,,,,2,"Suverenitāte"
41,"Normunds Vīrs",,,,1,,2,"Suverenitāte"
42,"Andžejs Zdanovičs",14,,,,,2,"Suverenitāte"
43,"Jūlija Ždanova",,5,,,,2,"Suverenitāte"
1,"Anrijs Aumalis",1,,,,,3,"Partija Brīvība"
2,"Dace Brimerberga",,,,,1,3,"Partija Brīvība"
3,"Jeļena Gerasimova",3,,,,,3,"Partija Brīvība"
4,"Ilva Ivaska",,,,4,,3,"Partija Brīvība"
5,"Ieva Kantmane",,1,,,,3,"Partija Brīvība"
6,"Baiba Kņūta",,,,,2,3,"Partija Brīvība"
7,"Vika Koha",,2,,,,3,"Partija Brīvība"
8,"Marita Koha",,,,,4,3,"Partija Brīvība"
9,"Taiga Lasmane",,,,1,,3,"Partija Brīvība"
10,"Kaspars Lazdāns",,,1,,,3,"Partija Brīvība"
11,"Anna Naumova",,,,,3,3,"Partija Brīvība"
12,"Vizma Petrēvica",,,,3,,3,"Partija Brīvība"
13,"Baiba Stepanova",4,,,,,3,"Partija Brīvība"
14,"Līga Šalma",,,2,,,3,"Partija Brīvība"
15,"Vilnis Šlars",2,,,,,3,"Partija Brīvība"
16,"Dina Šulca",,3,,,,3,"Partija Brīvība"
17,"Vēsma Švinberga",,,,5,,3,"Partija Brīvība"
18,"Antra Treide",,,,2,,3,"Partija Brīvība"
1,"Hosams Abu Meri",17,,,,,4,"Vienotība"
2,"Aldis Adamovičs",,,2,,,4,"Vienotība"
3,"Arvils Ašeradens",,8,,,,4,"Vienotība"
4,"Solvita Āboltiņa",,,,1,,4,"Vienotība"
5,"Alis Balbārzdis",,25,,,,4,"Vienotība"
6,"Edvīns Bartkevičs",,10,,,,4,"Vienotība"
7,"Lita Beire",21,,,,,4,"Vienotība"
8,"Zigfrīds Berezovskis",30,,,,,4,"Vienotība"
9,"Aivars Bernāns",,,15,,,4,"Vienotība"
10,"Iveta Blaua",,19,,,,4,"Vienotība"
11,"Inesis Boķis",,2,,,,4,"Vienotība"
12,"Aivars Broks",,,4,,,4,"Vienotība"
13,"Anna Buša",22,,,,,4,"Vienotība"
14,"Krišjānis Bušs",,,,,8,4,"Vienotība"
15,"Guntis Būmeisters",,,,13,,4,"Vienotība"
16,"Lolita Čigāne",4,,,,,4,"Vienotība"
17,"Raimonds Čudars",,11,,,,4,"Vienotība"
18,"Guntis Čukurs",,,,14,,4,"Vienotība"
19,"Ints Dālderis",,,,2,,4,"Vienotība"
20,"Vjačeslavs Dombrovskis",,,,,3,4,"Vienotība"
21,"Vilnis Dragunas",,,,11,,4,"Vienotība"
22,"Ina Druviete",,6,,,,4,"Vienotība"
23,"Edgars Engīzers",8,,,,,4,"Vienotība"
24,"Kārlis Eņģelis",16,,,,,4,"Vienotība"
25,"Sarmīte Ēlerte",10,,,,,4,"Vienotība"
26,"Renārs Freibergs",,22,,,,4,"Vienotība"
27,"Valdis Gavars",13,,,,,4,"Vienotība"
28,"Dmitrijs Golubevs",31,,,,,4,"Vienotība"
29,"Guntis Grūba",,27,,,,4,"Vienotība"
30,"Artis Gustovskis",,,,6,,4,"Vienotība"
31,"Astrīda Harju",,17,,,,4,"Vienotība"
32,"Bierants Ignāts",27,,,,,4,"Vienotība"
33,"Edgars Ikstens",,,,8,,4,"Vienotība"
34,"Kārlis Irbe",33,,,,,4,"Vienotība"
35,"Pauls Irbins",,18,,,,4,"Vienotība"
36,"Jāzeps Janiševs",,28,,,,4,"Vienotība"
37,"Nils Josts",23,,,,,4,"Vienotība"
38,"Andrejs Judins",5,,,,,4,"Vienotība"
39,"Jānis Junkurs",,,,10,,4,"Vienotība"
40,"Roberts Jurķis",,21,,,,4,"Vienotība"
41,"Inese Kalniņa",19,,,,,4,"Vienotība"
42,"Zanda Kalniņa-Lukaševica",,4,,,,4,"Vienotība"
43,"Ojārs Ēriks Kalniņš",2,,,,,4,"Vienotība"
44,"Dace Kļaviņa",,26,,,,4,"Vienotība"
45,"Evija Kolberga",20,,,,,4,"Vienotība"
46,"Uldis Kolužs",,,,,12,4,"Vienotība"
47,"Karina Korna",,,,4,,4,"Vienotība"
48,"Rihards Kozlovskis",6,,,,,4,"Vienotība"
49,"Jānis Kupris",,,16,,,4,"Vienotība"
50,"Janīna Kursīte",,,8,,,4,"Vienotība"
51,"Sarmīte Ķikuste",,,7,,,4,"Vienotība"
52,"Vilnis Ķirsis",,12,,,,4,"Vienotība"
53,"Madars Lasmanis",,,,,14,4,"Vienotība"
54,"Ainars Latkovskis",,3,,,,4,"Vienotība"
55,"Jānis Lazdāns",24,,,,,4,"Vienotība"
56,"Atis Lejiņš",,,,,5,4,"Vienotība"
57,"Liene Liepiņa",,15,,,,4,"Vienotība"
58,"Krišjānis Liepiņš",25,,,,,4,"Vienotība"
59,"Gatis Liepiņš",18,,,,,4,"Vienotība"
60,"Inese Lībiņa-Egnere",,,,3,,4,"Vienotība"
61,"Ainars Lodziņš",34,,,,,4,"Vienotība"
62,"Aleksejs Loskutovs",3,,,,,4,"Vienotība"
63,"Valērijs Makarevičs",,,10,,,4,"Vienotība"
64,"Anrijs Matīss",,,1,,,4,"Vienotība"
65,"Linda Medene",,7,,,,4,"Vienotība"
66,"Vilnis Meškinis",,24,,,,4,"Vienotība"
67,"Ināra Mukāne",,,14,,,4,"Vienotība"
68,"Eleonora Obrumāne",,,18,,,4,"Vienotība"
69,"Jānis Ozoliņš",,,,,6,4,"Vienotība"
70,"Guntis Pirvits",,,,16,,4,"Vienotība"
71,"Anna Plauča",29,,,,,4,"Vienotība"
72,"Valdis Plaudis",,,,15,,4,"Vienotība"
73,"Līvija Plavinska",,,5,,,4,"Vienotība"
74,"Elīna Pļaviņa",,,,,17,4,"Vienotība"
75,"Laimdota Podze",32,,,,,4,"Vienotība"
76,"Inga Priede",,,,,7,4,"Vienotība"
77,"Olafs Pulks",9,,,,,4,"Vienotība"
78,"Gatis Puriņš",,29,,,,4,"Vienotība"
79,"Sanita Putniņa",,,12,,,4,"Vienotība"
80,"Renārs Putniņš",12,,,,,4,"Vienotība"
81,"Romualds Ražuks",,14,,,,4,"Vienotība"
82,"Viesturs Reinfelds",,,,,11,4,"Vienotība"
83,"Jānis Reirs",,,,,1,4,"Vienotība"
84,"Edgars Rinkēvičs",1,,,,,4,"Vienotība"
85,"Armīns Robežnieks",,,,7,,4,"Vienotība"
86,"Uģis Rotbergs",11,,,,,4,"Vienotība"
87,"Gita Rūtiņa",,,,,13,4,"Vienotība"
88,"Ansis Saliņš",,,,,9,4,"Vienotība"
89,"Evika Siliņa",,,,,10,4,"Vienotība"
90,"Aivars Siliņš",26,,,,,4,"Vienotība"
91,"Edvards Smiltēns",,9,,,,4,"Vienotība"
92,"Vasilijs Smuļs",,,13,,,4,"Vienotība"
93,"Kintija Sparāne",,20,,,,4,"Vienotība"
94,"Veiko Spolītis",14,,,,,4,"Vienotība"
95,"Viktors Stikuts",,,6,,,4,"Vienotība"
96,"Guntis Stirna",35,,,,,4,"Vienotība"
97,"Laimdota Straujuma",,1,,,,4,"Vienotība"
98,"Kārlis Strēlis",15,,,,,4,"Vienotība"
99,"Ainārs Sviklis",,,,,15,4,"Vienotība"
100,"Kārlis Šadurskis",,5,,,,4,"Vienotība"
101,"Arnis Šķēls",,23,,,,4,"Vienotība"
102,"Juris Šulcs",,,,,2,4,"Vienotība"
103,"Vija Tirzmale",28,,,,,4,"Vienotība"
104,"Normunds Tropiņš",,,,5,,4,"Vienotība"
105,"Andris Ulāns",,,,,16,4,"Vienotība"
106,"Maija Upeniece",,,9,,,4,"Vienotība"
107,"Jānis Upenieks",,16,,,,4,"Vienotība"
108,"Viktors Valainis",,,,,4,4,"Vienotība"
109,"Māris Vārna",,,,9,,4,"Vienotība"
110,"Ilze Vergina",,13,,,,4,"Vienotība"
111,"Kaspars Vidiņš",,,17,,,4,"Vienotība"
112,"Juris Galerijs Vidiņš",,,11,,,4,"Vienotība"
113,"Ilze Viņķele",7,,,,,4,"Vienotība"
114,"Dzintars Zaķis",,,3,,,4,"Vienotība"
115,"Mikus Žagata",,,,12,,4,"Vienotība"
1,"Dina Balode",,,,3,,5,"Partija Izaugsme"
2,"Natālija Bērza",9,,,,,5,"Partija Izaugsme"
3,"Gaida Bērziņa",,5,,,,5,"Partija Izaugsme"
4,"Aldis Bondars",,3,,,,5,"Partija Izaugsme"
5,"Rinalds Brālis",7,,,,,5,"Partija Izaugsme"
6,"Artūrs Čačka",,19,,,,5,"Partija Izaugsme"
7,"Ainis Dzalbs",,,,,4,5,"Partija Izaugsme"
8,"Velga Eklona",4,,,,,5,"Partija Izaugsme"
9,"Normunds Eliņš",,18,,,,5,"Partija Izaugsme"
10,"Indra Garsele",,4,,,,5,"Partija Izaugsme"
11,"Sandra Gintere",2,,,,,5,"Partija Izaugsme"
12,"Dace Jakovicka",,,,2,,5,"Partija Izaugsme"
13,"Aija Jaunmuktāne",,,,,1,5,"Partija Izaugsme"
14,"Uldis Kasemirs",,,,,2,5,"Partija Izaugsme"
15,"Roberts Kuzņerevičs",,,1,,,5,"Partija Izaugsme"
16,"Egita Ķeive",,10,,,,5,"Partija Izaugsme"
17,"Gints Lapsa",,17,,,,5,"Partija Izaugsme"
18,"Lelde Mangusa-Tutāne",,2,,,,5,"Partija Izaugsme"
19,"Mudīte Meliņa",8,,,,,5,"Partija Izaugsme"
20,"Andis Onzuls",,,,,3,5,"Partija Izaugsme"
21,"Ilze Oša",,16,,,,5,"Partija Izaugsme"
22,"Evita Paidere",,13,,,,5,"Partija Izaugsme"
23,"Maija Radziņa",1,,,,,5,"Partija Izaugsme"
24,"Dairis Roģis",,15,,,,5,"Partija Izaugsme"
25,"Ainārs Rudzītis",3,,,,,5,"Partija Izaugsme"
26,"Mārcis Rudzītis",,9,,,,5,"Partija Izaugsme"
27,"Ingrida Sebre",,14,,,,5,"Partija Izaugsme"
28,"Jānis Siliņš",,7,,,,5,"Partija Izaugsme"
29,"Andris Skride",,1,,,,5,"Partija Izaugsme"
30,"Silva Skride",,,3,,,5,"Partija Izaugsme"
31,"Madara Stankuna",,,,1,,5,"Partija Izaugsme"
32,"Artis Svaža",5,,,,,5,"Partija Izaugsme"
33,"Svetlana Anna Šauro",,8,,,,5,"Partija Izaugsme"
34,"Agnis Šumakovs",,11,,,,5,"Partija Izaugsme"
35,"Adriana Treikule",,,2,,,5,"Partija Izaugsme"
36,"Vladimirs Trofimovs",10,,,,,5,"Partija Izaugsme"
37,"Jānis Viegliņš",6,,,,,5,"Partija Izaugsme"
38,"Raivis Zāģers",,12,,,,5,"Partija Izaugsme"
39,"Juris Žilko",,6,,,,5,"Partija Izaugsme"
1,"Žaneta Abramsone",16,,,,,6,"Vienoti Latvijai"
2,"Andis Adats",,5,,,,6,"Vienoti Latvijai"
3,"Vladimirs Afanasjevs",,,13,,,6,"Vienoti Latvijai"
4,"Marija Aļbinoviča",22,,,,,6,"Vienoti Latvijai"
5,"Ainārs Arnītis",,,,,8,6,"Vienoti Latvijai"
6,"Andrejs Artjomovs",,10,,,,6,"Vienoti Latvijai"
7,"Uvis Avens",,20,,,,6,"Vienoti Latvijai"
8,"Gaida Avotiņa",,,,,10,6,"Vienoti Latvijai"
9,"Aleksandrs Beļevičs",18,,,,,6,"Vienoti Latvijai"
10,"Aleksandrs Bogdanovs",,,,12,,6,"Vienoti Latvijai"
11,"Artis Brūvers",,4,,,,6,"Vienoti Latvijai"
12,"Veronika Burova",27,,,,,6,"Vienoti Latvijai"
13,"Viktorija Čerenkova",25,,,,,6,"Vienoti Latvijai"
14,"Gunārs Dāboliņš",,3,,,,6,"Vienoti Latvijai"
15,"Andris Deniņš",5,,,,,6,"Vienoti Latvijai"
16,"Vjačeslavs Dubovskis",,,6,,,6,"Vienoti Latvijai"
17,"Ēriks Flaumanis",,23,,,,6,"Vienoti Latvijai"
18,"Ģirts Freimanis",33,,,,,6,"Vienoti Latvijai"
19,"Guntis Gelpers",,,,,4,6,"Vienoti Latvijai"
20,"Pēteris Goba",,,,,15,6,"Vienoti Latvijai"
21,"Ivars Godmanis",,1,,,,6,"Vienoti Latvijai"
22,"Jānis Grigaļūns",,9,,,,6,"Vienoti Latvijai"
23,"Inese Grigoruka",,,,5,,6,"Vienoti Latvijai"
24,"Lauris Grīns",14,,,,,6,"Vienoti Latvijai"
25,"Ivars Gulbis",34,,,,,6,"Vienoti Latvijai"
26,"Zane Ģierte",,,,7,,6,"Vienoti Latvijai"
27,"Gundega Jaunbērziņa-Beitika",13,,,,,6,"Vienoti Latvijai"
28,"Vadims Jerošenko",2,,,,,6,"Vienoti Latvijai"
29,"Oskars Juhnevičs",,,2,,,6,"Vienoti Latvijai"
30,"Karīna Juhņeviča",,,16,,,6,"Vienoti Latvijai"
31,"Jānis Jukna",,,3,,,6,"Vienoti Latvijai"
32,"Jānis Jurkāns",,,1,,,6,"Vienoti Latvijai"
33,"Ivars Kalvišķis",,2,,,,6,"Vienoti Latvijai"
34,"Aigars Kalvītis",,,,,1,6,"Vienoti Latvijai"
35,"Edmunds Kaševskis",7,,,,,6,"Vienoti Latvijai"
36,"Česlavs Kaševskis",24,,,,,6,"Vienoti Latvijai"
37,"Jānis Kazāks",,,,4,,6,"Vienoti Latvijai"
38,"Edgars Kažoks",19,,,,,6,"Vienoti Latvijai"
39,"Tatjana Kokina",,,12,,,6,"Vienoti Latvijai"
40,"Anita Kokoreviča",,,9,,,6,"Vienoti Latvijai"
41,"Arnis Krauklis",,,,,6,6,"Vienoti Latvijai"
42,"Edijs Kriķis",,15,,,,6,"Vienoti Latvijai"
43,"Evija Krilova",,16,,,,6,"Vienoti Latvijai"
44,"Jeļena Kuranova",,,5,,,6,"Vienoti Latvijai"
45,"Ivars Ķezbers",,12,,,,6,"Vienoti Latvijai"
46,"Juris Lazdāns",,,,,13,6,"Vienoti Latvijai"
47,"Krists Leiškalns",,26,,,,6,"Vienoti Latvijai"
48,"Ilona Lejniece",28,,,,,6,"Vienoti Latvijai"
49,"Ernests Lībietis",,8,,,,6,"Vienoti Latvijai"
50,"Vahtangs Luašvili",,,15,,,6,"Vienoti Latvijai"
51,"Ligita Maģiča",,,10,,,6,"Vienoti Latvijai"
52,"Vadims Maļinovskis",32,,,,,6,"Vienoti Latvijai"
53,"Artūrs Marauskis",,,,8,,6,"Vienoti Latvijai"
54,"Ainars Melders",,7,,,,6,"Vienoti Latvijai"
55,"Ineta Muižniece",,13,,,,6,"Vienoti Latvijai"
56,"Ilgvars Muzikants",,22,,,,6,"Vienoti Latvijai"
57,"Andrejs Naglis",,,7,,,6,"Vienoti Latvijai"
58,"Valērijs Osipovs",29,,,,,6,"Vienoti Latvijai"
59,"Viktors Ozerskis",30,,,,,6,"Vienoti Latvijai"
60,"Reinholds Pelše",,25,,,,6,"Vienoti Latvijai"
61,"Udo Pērsis",,,,,7,6,"Vienoti Latvijai"
62,"Irina Pētersone",6,,,,,6,"Vienoti Latvijai"
63,"Mihails Pietkevičs",,,,6,,6,"Vienoti Latvijai"
64,"Andris Pudāns",11,,,,,6,"Vienoti Latvijai"
65,"Irēna Putiķe",21,,,,,6,"Vienoti Latvijai"
66,"Jekaterina Pūrīte",,,,11,,6,"Vienoti Latvijai"
67,"Iveta Raimo",,,14,,,6,"Vienoti Latvijai"
68,"Zigurds Rancāns",,,,,11,6,"Vienoti Latvijai"
69,"Jānis Ratnieks",,,,13,,6,"Vienoti Latvijai"
70,"Dzintra Mirdza Reisa",,,,2,,6,"Vienoti Latvijai"
71,"Jānis Riežnieks",,,,9,,6,"Vienoti Latvijai"
72,"Nauris Rolavs",,,,3,,6,"Vienoti Latvijai"
73,"Agita Roziņa",12,,,,,6,"Vienoti Latvijai"
74,"Eduards Rubīns",,,,14,,6,"Vienoti Latvijai"
75,"Imants Silavs",,,,,9,6,"Vienoti Latvijai"
76,"Lilita Siliņa",,19,,,,6,"Vienoti Latvijai"
77,"Kaspars Sīlis",,18,,,,6,"Vienoti Latvijai"
78,"Dace Smeltere",,17,,,,6,"Vienoti Latvijai"
79,"Kristīne Sokolovska",,11,,,,6,"Vienoti Latvijai"
80,"Gunārs Spradzenko",,,4,,,6,"Vienoti Latvijai"
81,"Jevgenija Stalidzāne",8,,,,,6,"Vienoti Latvijai"
82,"Jānis Straume",,,,1,,6,"Vienoti Latvijai"
83,"Andrejs Stremjanovs",,,11,,,6,"Vienoti Latvijai"
84,"Lelde Sutena",,,,,16,6,"Vienoti Latvijai"
85,"Ainārs Šlesers",1,,,,,6,"Vienoti Latvijai"
86,"Jevdokija Šlivka",,,8,,,6,"Vienoti Latvijai"
87,"Raimonds Šteinerts",,,,,12,6,"Vienoti Latvijai"
88,"Raivis Ūzuls",,6,,,,6,"Vienoti Latvijai"
89,"Guntars Valants",,21,,,,6,"Vienoti Latvijai"
90,"Aleksandrs Vasiļjevs",23,,,,,6,"Vienoti Latvijai"
91,"Oļegs Vasiļonoks",,24,,,,6,"Vienoti Latvijai"
92,"Vinets Veldre",,,,,3,6,"Vienoti Latvijai"
93,"Raimonds Vilde",9,,,,,6,"Vienoti Latvijai"
94,"Andulis Vitte",,,,10,,6,"Vienoti Latvijai"
95,"Daiga Vītola",,14,,,,6,"Vienoti Latvijai"
96,"Dace Vītola",10,,,,,6,"Vienoti Latvijai"
97,"Tatjana Volkova",4,,,,,6,"Vienoti Latvijai"
98,"Vitālijs Zaharovs",20,,,,,6,"Vienoti Latvijai"
99,"Pāvels Zaicevs",26,,,,,6,"Vienoti Latvijai"
100,"Edgars Zalāns",,,,,2,6,"Vienoti Latvijai"
101,"Rihards Zariņš",15,,,,,6,"Vienoti Latvijai"
102,"Aigars Zariņš",17,,,,,6,"Vienoti Latvijai"
103,"Mareks Zeltiņš",3,,,,,6,"Vienoti Latvijai"
104,"Arvīds Zvirbulis",,,,,5,6,"Vienoti Latvijai"
105,"Aldis Žaludka",,,,,14,6,"Vienoti Latvijai"
106,"Nils Žuravļovs",31,,,,,6,"Vienoti Latvijai"
1,"Māris Andžāns",29,,,,,7,"NA"
2,"Olga Berga",22,,,,,7,"NA"
3,"Marika Berga",,24,,,,7,"NA"
4,"Ilze Bertāne",,,,13,,7,"NA"
5,"Gaidis Bērziņš",,,,1,,7,"NA"
6,"Baiba Bicēna",26,,,,,7,"NA"
7,"Raivis Blumfelds",,,,15,,7,"NA"
8,"Juris Bogdanovičs",12,,,,,7,"NA"
9,"Ilona Bremze",,,,,12,7,"NA"
10,"Uldis Verners Brūns",10,,,,,7,"NA"
11,"Ivo Brūvers",,,11,,,7,"NA"
12,"Andris Buiķis",,,,,8,7,"NA"
13,"Aldis Bukovskis",32,,,,,7,"NA"
14,"Artūrs Butāns",,,,14,,7,"NA"
15,"Einārs Cilinskis",3,,,,,7,"NA"
16,"Ieva Cīrule",,,,,14,7,"NA"
17,"Juris Cīrulis",,,,,4,7,"NA"
18,"Jānis Dainis",,12,,,,7,"NA"
19,"Jānis Dombrava",,2,,,,7,"NA"
20,"Kārlis Dombrovskis",19,,,,,7,"NA"
21,"Normunds Duļevskis",,16,,,,7,"NA"
22,"Raivis Dzintars",,1,,,,7,"NA"
23,"Ginta Eglīte",,19,,,,7,"NA"
24,"Laimonis Frīdbergs",,,13,,,7,"NA"
25,"Inese Gaumane",,25,,,,7,"NA"
26,"Irīna Gedertsone",,20,,,,7,"NA"
27,"Ilmārs Geiba",,,15,,,7,"NA"
28,"Ainārs Grikmanis",,14,,,,7,"NA"
29,"Gunārs Grīnbergs",,13,,,,7,"NA"
30,"Rūdolfs Grīnblats",33,,,,,7,"NA"
31,"Brigita Gulbe",,,17,,,7,"NA"
32,"Ieva Holma",16,,,,,7,"NA"
33,"Jānis Iesalnieks",,,,2,,7,"NA"
34,"Gunārs Indārs",34,,,,,7,"NA"
35,"Ilze Indriksone",,,,16,,7,"NA"
36,"Ilvija Jakovina",,18,,,,7,"NA"
37,"Edgars Jansons",25,,,,,7,"NA"
38,"Ritvars Jansons",14,,,,,7,"NA"
39,"Eduards Jurķelis",27,,,,,7,"NA"
40,"Bruno Jurševics",,,,6,,7,"NA"
41,"Daiga Kalnbērziņa",,22,,,,7,"NA"
42,"Imārs Kiršbaums",21,,,,,7,"NA"
43,"Aleksandrs Kiršteins",6,,,,,7,"NA"
44,"Jurģis Klotiņš",20,,,,,7,"NA"
45,"Ingus Kļaviņš",8,,,,,7,"NA"
46,"Rihards Kols",,4,,,,7,"NA"
47,"Aleksandrs Korņilovs",,,9,,,7,"NA"
48,"Kārlis Krēsliņš",,9,,,,7,"NA"
49,"Jānis Atis Krūmiņš",18,,,,,7,"NA"
50,"Uģis Krūmiņš",35,,,,,7,"NA"
51,"Dzintars Kudums",,,,3,,7,"NA"
52,"Janīna Kursīte-Pakule",,,,7,,7,"NA"
53,"Antons Kursītis",,,3,,,7,"NA"
54,"Aina Ķīse",,,,,16,7,"NA"
55,"Inese Laizāne",,,1,,,7,"NA"
56,"Ģirts Lapiņš",11,,,,,7,"NA"
57,"Ilmārs Latkovskis",4,,,,,7,"NA"
58,"Santa Laurinoviča",,,,12,,7,"NA"
59,"Andris Lācis",15,,,,,7,"NA"
60,"Gunta Liepiņa",,8,,,,7,"NA"
61,"Dainis Locis",7,,,,,7,"NA"
62,"Irīna Mackus",,28,,,,7,"NA"
63,"Jānis Mājenieks",,15,,,,7,"NA"
64,"Dace Melbārde",1,,,,,7,"NA"
65,"Aija Mežale",,,7,,,7,"NA"
66,"Dzintars Mozgis",,,4,,,7,"NA"
67,"Ināra Mūrniece",,3,,,,7,"NA"
68,"Jānis Mūrnieks",,,8,,,7,"NA"
69,"Inita Nagņibeda",,,,,11,7,"NA"
70,"Romāns Naudiņš",,5,,,,7,"NA"
71,"Ivars Nececkis",31,,,,,7,"NA"
72,"Aivars Okmanis",,,,,5,7,"NA"
73,"Ieva Ozola",17,,,,,7,"NA"
74,"Ivo Ozols",28,,,,,7,"NA"
75,"Imants Parādnieks",,,,,2,7,"NA"
76,"Andris Pastars",,,,,15,7,"NA"
77,"Andris Pārups",9,,,,,7,"NA"
78,"Vineta Poriņa",,,,,3,7,"NA"
79,"Ieva Preimane",,27,,,,7,"NA"
80,"Arnis Puksts",24,,,,,7,"NA"
81,"Nauris Puntulis",,,,,6,7,"NA"
82,"Dzintars Rasnačs",2,,,,,7,"NA"
83,"Anita Ratkeviča",,,16,,,7,"NA"
84,"Jānis Ratkevičs",,,5,,,7,"NA"
85,"Edvards Ratnieks",,,,,7,7,"NA"
86,"Jānis Rāfelds",,21,,,,7,"NA"
87,"Agris Riba",,,,,13,7,"NA"
88,"Dainis Rijkuris",,,,,10,7,"NA"
89,"Guntra Riņķe",,,,9,,7,"NA"
90,"Inguna Rībena",5,,,,,7,"NA"
91,"Gunārs Rusiņš",,7,,,,7,"NA"
92,"Kristīna Rūtenberga",,,,8,,7,"NA"
93,"Gundars Sebris",,,,4,,7,"NA"
94,"Aivars Sjademe",,23,,,,7,"NA"
95,"Kristīne Skrīvere",,,,11,,7,"NA"
96,"Kārlis Skujiņš",,26,,,,7,"NA"
97,"Salvis Smukais",,11,,,,7,"NA"
98,"Ludmila Sočņeva",23,,,,,7,"NA"
99,"Gatis Sprūds",,6,,,,7,"NA"
100,"Dainis Svarups",,,14,,,7,"NA"
101,"Roberts Šlegelmilhs",,,,,9,7,"NA"
102,"Edvīns Šnore",,,,,1,7,"NA"
103,"Ērika Teirumnieka",,,2,,,7,"NA"
104,"Jānis Vahers",,,6,,,7,"NA"
105,"Evija Vaikina",,,12,,,7,"NA"
106,"Daina Vanaga",,,,5,,7,"NA"
107,"Gundars Važa",,,,,17,7,"NA"
108,"Krista Veita",,,,10,,7,"NA"
109,"Artis Vidžups",30,,,,,7,"NA"
110,"Ginta Vilcāne",,,10,,,7,"NA"
111,"Andris Vilks",13,,,,,7,"NA"
112,"Marika Zeimule",,10,,,,7,"NA"
113,"Raivis Zeltīts",,29,,,,7,"NA"
114,"Jana Zilkalne",,17,,,,7,"NA"
1,"Edgars Abrams",10,,,,,8,"Reģionu Apvienība"
2,"Armands Agrums",5,,,,,8,"Reģionu Apvienība"
3,"Aldis Alliks",17,,,,,8,"Reģionu Apvienība"
4,"Ingrīda Amantova",,8,,,,8,"Reģionu Apvienība"
5,"Liene Anševica",,,,13,,8,"Reģionu Apvienība"
6,"Juris Apinis",,27,,,,8,"Reģionu Apvienība"
7,"Jānis Ābele",,,,,8,8,"Reģionu Apvienība"
8,"Jānis Ābols",12,,,,,8,"Reģionu Apvienība"
9,"Juris Baldiņš",31,,,,,8,"Reģionu Apvienība"
10,"Ilona Balode",,18,,,,8,"Reģionu Apvienība"
11,"Guntis Bērziņš",14,,,,,8,"Reģionu Apvienība"
12,"Aivis Biķernieks",,,,,16,8,"Reģionu Apvienība"
13,"Guntars Bilsēns",,7,,,,8,"Reģionu Apvienība"
14,"Inita Bišofa",,,,2,,8,"Reģionu Apvienība"
15,"Inga Bite",3,,,,,8,"Reģionu Apvienība"
16,"Kārlis Boitmanis",22,,,,,8,"Reģionu Apvienība"
17,"Mārtiņš Bondars",,1,,,,8,"Reģionu Apvienība"
18,"Ivars Brīvers",15,,,,,8,"Reģionu Apvienība"
19,"Inese Caunīte",,,,,13,8,"Reģionu Apvienība"
20,"Velta Cimdiņa",24,,,,,8,"Reģionu Apvienība"
21,"Gunda Cīrule",,,,,12,8,"Reģionu Apvienība"
22,"Inese Čača",26,,,,,8,"Reģionu Apvienība"
23,"Aleksandrs Dementjevs",7,,,,,8,"Reģionu Apvienība"
24,"Jānis Dinevičs",,,3,,,8,"Reģionu Apvienība"
25,"Jānis Dinne",18,,,,,8,"Reģionu Apvienība"
26,"Inga Drele",,,18,,,8,"Reģionu Apvienība"
27,"Juris Dzelme",33,,,,,8,"Reģionu Apvienība"
28,"Aivars Fomins",,6,,,,8,"Reģionu Apvienība"
29,"Vilis Freimanis",,,,,15,8,"Reģionu Apvienība"
30,"Gunta Gasūna",,25,,,,8,"Reģionu Apvienība"
31,"Guntis Gladkins",,2,,,,8,"Reģionu Apvienība"
32,"Leonārija Gudakovska",,,,,5,8,"Reģionu Apvienība"
33,"Ingars Gusāns",,,7,,,8,"Reģionu Apvienība"
34,"Ingemars Harmsens",,,,7,,8,"Reģionu Apvienība"
35,"Aidis Herings",,,,10,,8,"Reģionu Apvienība"
36,"Valdis Holbergs",21,,,,,8,"Reģionu Apvienība"
37,"Gunārs Igaunis",,,17,,,8,"Reģionu Apvienība"
38,"Sarmīte Janfelde",23,,,,,8,"Reģionu Apvienība"
39,"Līvija Jankovska",,,4,,,8,"Reģionu Apvienība"
40,"Gundars Jegors",32,,,,,8,"Reģionu Apvienība"
41,"Jānis Jurģelis",,26,,,,8,"Reģionu Apvienība"
42,"Arturs Kaimiņš",35,,,,,8,"Reģionu Apvienība"
43,"Raimonds Kalniņš",,,,4,,8,"Reģionu Apvienība"
44,"Imants Keišs",29,,,,,8,"Reģionu Apvienība"
45,"Rolands Keišs",,,9,,,8,"Reģionu Apvienība"
46,"Arvīds Kinstlers",,,,15,,8,"Reģionu Apvienība"
47,"Nellija Kleinberga",,,,1,,8,"Reģionu Apvienība"
48,"Sergejs Kodors",,,15,,,8,"Reģionu Apvienība"
49,"Anita Kokarēviča",27,,,,,8,"Reģionu Apvienība"
50,"Margarita Krauča",9,,,,,8,"Reģionu Apvienība"
51,"Zigrīda Krauze",,,,16,,8,"Reģionu Apvienība"
52,"Varis Krūmiņš",,29,,,,8,"Reģionu Apvienība"
53,"Augusts Kūravs",13,,,,,8,"Reģionu Apvienība"
54,"Aldis Lazda",,,,,10,8,"Reģionu Apvienība"
55,"Dzintars Legzdiņš",,,,9,,8,"Reģionu Apvienība"
56,"Arvis Leinbergs",,,,11,,8,"Reģionu Apvienība"
57,"Ilgonis Leišavnieks",,,,,3,8,"Reģionu Apvienība"
58,"Inta Lemešonoka",,20,,,,8,"Reģionu Apvienība"
59,"Juris Levics",,,,14,,8,"Reģionu Apvienība"
60,"Andris Liepiņš",,,16,,,8,"Reģionu Apvienība"
61,"Dainis Liepiņš",,,,,1,8,"Reģionu Apvienība"
62,"Jānis Liepiņš",,23,,,,8,"Reģionu Apvienība"
63,"Andris Lubiņš",16,,,,,8,"Reģionu Apvienība"
64,"Benita Malatkovska",25,,,,,8,"Reģionu Apvienība"
65,"Jānis Mazitāns",,13,,,,8,"Reģionu Apvienība"
66,"Normunds Mazūrs",,9,,,,8,"Reģionu Apvienība"
67,"Rihards Melgailis",,,,,2,8,"Reģionu Apvienība"
68,"Inese Navra",,24,,,,8,"Reģionu Apvienība"
69,"Aleksandrs Novickis",,,,,11,8,"Reģionu Apvienība"
70,"Marita Oliņa",,,,,14,8,"Reģionu Apvienība"
71,"Ieva Margarita Ozola",20,,,,,8,"Reģionu Apvienība"
72,"Ilga Ozoliņa",,12,,,,8,"Reģionu Apvienība"
73,"Linda Ozoliņa",,21,,,,8,"Reģionu Apvienība"
74,"Aigars Ozoliņš",19,,,,,8,"Reģionu Apvienība"
75,"Lauris Pastars",,,12,,,8,"Reģionu Apvienība"
76,"Rūdolfs Plēpis",28,,,,,8,"Reģionu Apvienība"
77,"Māris Pļaviņš",,10,,,,8,"Reģionu Apvienība"
78,"Karina Putniņa",,3,,,,8,"Reģionu Apvienība"
79,"Guntis Rasims",,,10,,,8,"Reģionu Apvienība"
80,"Aija Raudiņa",,,,6,,8,"Reģionu Apvienība"
81,"Mareks Raups",8,,,,,8,"Reģionu Apvienība"
82,"Dagnis Reinsons",34,,,,,8,"Reģionu Apvienība"
83,"Kārlis Rimša",,,,,6,8,"Reģionu Apvienība"
84,"Aivars Ritenieks",,,,,17,8,"Reģionu Apvienība"
85,"Margots Rotbergs",11,,,,,8,"Reģionu Apvienība"
86,"Gints Rožkalns",,16,,,,8,"Reģionu Apvienība"
87,"Andris Rubins",6,,,,,8,"Reģionu Apvienība"
88,"Silvestrs Rubins",,11,,,,8,"Reģionu Apvienība"
89,"Jānis Ruks",,5,,,,8,"Reģionu Apvienība"
90,"Vladimirs Samohins",,,,,7,8,"Reģionu Apvienība"
91,"Jānis Sergejenko",,,,12,,8,"Reģionu Apvienība"
92,"Astrīda Skrinda",,,14,,,8,"Reģionu Apvienība"
93,"Aija Spriņķe",,,,,9,8,"Reģionu Apvienība"
94,"Līga Stendze",,,,8,,8,"Reģionu Apvienība"
95,"Mārtiņš Šics",1,,,,,8,"Reģionu Apvienība"
96,"Artūrs Štagars",,,13,,,8,"Reģionu Apvienība"
97,"Aivars Timofejevs",4,,,,,8,"Reģionu Apvienība"
98,"Māris Trankalis",,4,,,,8,"Reģionu Apvienība"
99,"Mečislavs Truskovskis",,,6,,,8,"Reģionu Apvienība"
100,"Sigita Upmale",,17,,,,8,"Reģionu Apvienība"
101,"Ingūna Urtāne",,22,,,,8,"Reģionu Apvienība"
102,"Inga Vanaga",,,,,4,8,"Reģionu Apvienība"
103,"Natālija Vecgaile",,15,,,,8,"Reģionu Apvienība"
104,"Ilga Vecziediņa",,14,,,,8,"Reģionu Apvienība"
105,"Normunds Vilnītis",,,,5,,8,"Reģionu Apvienība"
106,"Juris Viļums",,,1,,,8,"Reģionu Apvienība"
107,"Evita Vinceviča",,19,,,,8,"Reģionu Apvienība"
108,"Margarita Visocka",30,,,,,8,"Reģionu Apvienība"
109,"Juris Vorkalis",,,8,,,8,"Reģionu Apvienība"
110,"Sandra Zaiceva",,28,,,,8,"Reģionu Apvienība"
111,"Arnis Zekunde",,,,3,,8,"Reģionu Apvienība"
112,"Marija Zeltiņa",,,11,,,8,"Reģionu Apvienība"
113,"Māra Viktorija Zilgalve",2,,,,,8,"Reģionu Apvienība"
114,"Oskars Zuģickis",,,5,,,8,"Reģionu Apvienība"
115,"Osvalds Zvejsalnieks",,,2,,,8,"Reģionu Apvienība"
1,"Pēteris Aglonietis",,,,9,,9,"Jaunā konservatīvā"
2,"Mārtiņš Aizpurietis",,18,,,,9,"Jaunā konservatīvā"
3,"Īra Alksne",,,7,,,9,"Jaunā konservatīvā"
4,"Oskars Apaļais",,,,,12,9,"Jaunā konservatīvā"
5,"Gundars Ābers",17,,,,,9,"Jaunā konservatīvā"
6,"Gundars Ābols",,1,,,,9,"Jaunā konservatīvā"
7,"Aldis Baltalksnis",23,,,,,9,"Jaunā konservatīvā"
8,"Ainars Bašķis",,12,,,,9,"Jaunā konservatīvā"
9,"Vilis Bārtulis",,,,8,,9,"Jaunā konservatīvā"
10,"Mārcis Bergs",,21,,,,9,"Jaunā konservatīvā"
11,"Vitālijs Birjukovs",,10,,,,9,"Jaunā konservatīvā"
12,"Kristaps Bogdanovičs",32,,,,,9,"Jaunā konservatīvā"
13,"Jānis Bordāns",1,,,,,9,"Jaunā konservatīvā"
14,"Toms Bordāns",,26,,,,9,"Jaunā konservatīvā"
15,"Jānis Brokāns",,,,,5,9,"Jaunā konservatīvā"
16,"Krišjānis Brūvelis",28,,,,,9,"Jaunā konservatīvā"
17,"Raitis Bukovskis",,,5,,,9,"Jaunā konservatīvā"
18,"Santa Cabule",,,9,,,9,"Jaunā konservatīvā"
19,"Una Celmiņa",,,,6,,9,"Jaunā konservatīvā"
20,"Inga Čekša-Ratniece",,,3,,,9,"Jaunā konservatīvā"
21,"Gunta Dombrovska",25,,,,,9,"Jaunā konservatīvā"
22,"Eva Eglāja-Kristsone",7,,,,,9,"Jaunā konservatīvā"
23,"Zigurds Eglītis",14,,,,,9,"Jaunā konservatīvā"
24,"Jolanta Eihentāle",3,,,,,9,"Jaunā konservatīvā"
25,"Normunds Eihentāls",,,,,13,9,"Jaunā konservatīvā"
26,"Romeks Fabjančiks",,,,,8,9,"Jaunā konservatīvā"
27,"Astra Feldmane",18,,,,,9,"Jaunā konservatīvā"
28,"Krišjānis Feldmans",,,,1,,9,"Jaunā konservatīvā"
29,"Inga Gluzda",,,,3,,9,"Jaunā konservatīvā"
30,"Austris Grasis",2,,,,,9,"Jaunā konservatīvā"
31,"Māris Grīnbergs",5,,,,,9,"Jaunā konservatīvā"
32,"Inguna Gustava",,9,,,,9,"Jaunā konservatīvā"
33,"Vitauts Ivonausks",10,,,,,9,"Jaunā konservatīvā"
34,"Normunds Janelsiņš",,,,,14,9,"Jaunā konservatīvā"
35,"Ivars Jasmanis",,,12,,,9,"Jaunā konservatīvā"
36,"Gundega Jēkabsone",,,,,9,9,"Jaunā konservatīvā"
37,"Arnis Kadiķis",,,,13,,9,"Jaunā konservatīvā"
38,"Zigurds Kalējs",,,,,7,9,"Jaunā konservatīvā"
39,"Ieva Kalniņa",20,,,,,9,"Jaunā konservatīvā"
40,"Rūdolfs Kalvāns",6,,,,,9,"Jaunā konservatīvā"
41,"Matīss Kempe",27,,,,,9,"Jaunā konservatīvā"
42,"Vineta Kiršteine",,,10,,,9,"Jaunā konservatīvā"
43,"Jānis Kopštāls",,20,,,,9,"Jaunā konservatīvā"
44,"Pēteris Krampītis",,,,,10,9,"Jaunā konservatīvā"
45,"Ingemārs Krūmiņš",,22,,,,9,"Jaunā konservatīvā"
46,"Inguss Kudiņš",8,,,,,9,"Jaunā konservatīvā"
47,"Roberts Lakučs",15,,,,,9,"Jaunā konservatīvā"
48,"Guntis Leja",29,,,,,9,"Jaunā konservatīvā"
49,"Aldis Lieljuksis",4,,,,,9,"Jaunā konservatīvā"
50,"Diāna Lūse",,,,10,,9,"Jaunā konservatīvā"
51,"Eva Mārtuža",,,1,,,9,"Jaunā konservatīvā"
52,"Jānis Mārtužs",,,6,,,9,"Jaunā konservatīvā"
53,"Sanita Megere-Klevinska",,3,,,,9,"Jaunā konservatīvā"
54,"Valdis Meijers",,15,,,,9,"Jaunā konservatīvā"
55,"Jadviga Neilande",,11,,,,9,"Jaunā konservatīvā"
56,"Dmitrijs Nikolajevs",,,,,6,9,"Jaunā konservatīvā"
57,"Aivars Ontužāns",,19,,,,9,"Jaunā konservatīvā"
58,"Darja Orele",,,8,,,9,"Jaunā konservatīvā"
59,"Dārta Ose",,24,,,,9,"Jaunā konservatīvā"
60,"Indra Ozoliņa",,,11,,,9,"Jaunā konservatīvā"
61,"Jānis Ozoliņš",,16,,,,9,"Jaunā konservatīvā"
62,"Juris Pavītols",,,,5,,9,"Jaunā konservatīvā"
63,"Ūve Perlbahs",31,,,,,9,"Jaunā konservatīvā"
64,"Kalvis Plismanis",24,,,,,9,"Jaunā konservatīvā"
65,"Astrīda Podziņa",,17,,,,9,"Jaunā konservatīvā"
66,"Laura Rancāne",16,,,,,9,"Jaunā konservatīvā"
67,"Andris Riekstiņš",,13,,,,9,"Jaunā konservatīvā"
68,"Ansis Roderts",,,,7,,9,"Jaunā konservatīvā"
69,"Dainis Rozenfelds",,,,,4,9,"Jaunā konservatīvā"
70,"Kristaps Rūde",,4,,,,9,"Jaunā konservatīvā"
71,"Kristīne Saleniece",11,,,,,9,"Jaunā konservatīvā"
72,"Raitis Sijāts",,2,,,,9,"Jaunā konservatīvā"
73,"Jānis Siliņš",,5,,,,9,"Jaunā konservatīvā"
74,"Dainis Skrūzmanis",,,4,,,9,"Jaunā konservatīvā"
75,"Andris Skuja",,7,,,,9,"Jaunā konservatīvā"
76,"Elīna Spiča",,,,,11,9,"Jaunā konservatīvā"
77,"Dāvis Stalts",,,,2,,9,"Jaunā konservatīvā"
78,"Gundars Strazdiņš",21,,,,,9,"Jaunā konservatīvā"
79,"Aigars Sudmalis",,,,12,,9,"Jaunā konservatīvā"
80,"Zemlita Šīre",,14,,,,9,"Jaunā konservatīvā"
81,"Juris Tolpežņikovs",,,,,3,9,"Jaunā konservatīvā"
82,"Jānis Tomels",,,,,1,9,"Jaunā konservatīvā"
83,"Jānis Uha",30,,,,,9,"Jaunā konservatīvā"
84,"Aldis Upmalis",12,,,,,9,"Jaunā konservatīvā"
85,"Arvis Urbāns",,25,,,,9,"Jaunā konservatīvā"
86,"Guntars Vaivars",,,,4,,9,"Jaunā konservatīvā"
87,"Līva Veita",9,,,,,9,"Jaunā konservatīvā"
88,"Māris Virkavs",19,,,,,9,"Jaunā konservatīvā"
89,"Antra Visendorfa",,23,,,,9,"Jaunā konservatīvā"
90,"Edmunds Visendorfs",,8,,,,9,"Jaunā konservatīvā"
91,"Ingūna Vismane",13,,,,,9,"Jaunā konservatīvā"
92,"Daina Vīķele",26,,,,,9,"Jaunā konservatīvā"
93,"Regīna Vucāne",22,,,,,9,"Jaunā konservatīvā"
94,"Aigars Zīmelis",,,2,,,9,"Jaunā konservatīvā"
95,"Agris Zvaigzneskalns",,,,,2,9,"Jaunā konservatīvā"
96,"Didzis Zviedris",,,,11,,9,"Jaunā konservatīvā"
97,"Lāsma Žagota",,6,,,,9,"Jaunā konservatīvā"
1,"Vjačeslavs Altuhovs",15,,,,,10,"LKS"
2,"Tatjana Babajeva",24,,,,,10,"LKS"
3,"Jeļena Bačinska",7,,,,,10,"LKS"
4,"Jeļena Beskorovainaja",,,,,10,10,"LKS"
5,"Taisja Bite",22,,,,,10,"LKS"
6,"Irina Boļšakova",,,3,,,10,"LKS"
7,"Eduards Bonders",,9,,,,10,"LKS"
8,"Konstantīns Boroņins",,,,4,,10,"LKS"
9,"Vladimirs Buzajevs",4,,,,,10,"LKS"
10,"Irina Cvetkova",2,,,,,10,"LKS"
11,"Nataļja Čehova",,,,,3,10,"LKS"
12,"Filips Dudins",21,,,,,10,"LKS"
13,"Tatjana Favorska",14,,,,,10,"LKS"
14,"Aleksandrs Filejs",,1,,,,10,"LKS"
15,"Maksims Galkins",,,,,6,10,"LKS"
16,"Aleksandrs Gamaļejevs",12,,,,,10,"LKS"
17,"Helēna Geriloviča",,,,2,,10,"LKS"
18,"Andrejs Golubevs",,,12,,,10,"LKS"
19,"Maksims Golubevs",,,14,,,10,"LKS"
20,"Einārs Graudiņš",6,,,,,10,"LKS"
21,"Anatolijs Grjaznovs",23,,,,,10,"LKS"
22,"Viktors Guščins",,,,,2,10,"LKS"
23,"Nikolajs Harlamovs",,,7,,,10,"LKS"
24,"Vladimirs Hodakovskis",13,,,,,10,"LKS"
25,"Deniss Ignatjevs",,,,,9,10,"LKS"
26,"Nazira Iso",20,,,,,10,"LKS"
27,"Tatjana Jegorova",26,,,,,10,"LKS"
28,"Nadežda Jeļņikova",30,,,,,10,"LKS"
29,"Tatjana Jemeļjanova",16,,,,,10,"LKS"
30,"Ivans Jengaševs",,7,,,,10,"LKS"
31,"Dmitrijs Jermaks",25,,,,,10,"LKS"
32,"Natālija Jolkina",9,,,,,10,"LKS"
33,"Pāvels Kirillovs",5,,,,,10,"LKS"
34,"Elita Kosaka",,,,1,,10,"LKS"
35,"Iļja Kozirevs",,3,,,,10,"LKS"
36,"Vitālijs Krugļešovs",,,,,8,10,"LKS"
37,"Fjodors Krupenkins",,6,,,,10,"LKS"
38,"Valentīna Kudrjavceva",,,,,4,10,"LKS"
39,"Aleksejs Kurepins",27,,,,,10,"LKS"
40,"Aleksandrs Kuzmins",8,,,,,10,"LKS"
41,"Jeļena Kuzņecova",,,,,11,10,"LKS"
42,"Vladimirs Kuzņecovs",,,,5,,10,"LKS"
43,"Edvards Kvasņevskis",19,,,,,10,"LKS"
44,"Aleksandrs Ļivčaks",,,2,,,10,"LKS"
45,"Ašots Mamikonjans",,,10,,,10,"LKS"
46,"Miroslavs Mitrofanovs",1,,,,,10,"LKS"
47,"Viktorija Murina",18,,,,,10,"LKS"
48,"Olga Odincova",,,,,5,10,"LKS"
49,"Valērijs Orlovs",,,9,,,10,"LKS"
50,"Valērijs Oščenkovs",,,6,,,10,"LKS"
51,"Jakovs Pliners",3,,,,,10,"LKS"
52,"Ivans Popovs",,,11,,,10,"LKS"
53,"Pāvels Prozors",,,13,,,10,"LKS"
54,"Aleksandrs Prutkovs",,8,,,,10,"LKS"
55,"Edvīns Puķe",10,,,,,10,"LKS"
56,"Anatolijs Pušņakovs",,,5,,,10,"LKS"
57,"Vladislavs Rafaļskis",11,,,,,10,"LKS"
58,"Ludmila Rodionova",,4,,,,10,"LKS"
59,"Gagiks Sarkisjans",31,,,,,10,"LKS"
60,"Valerijs Solncevs",29,,,,,10,"LKS"
61,"Andrejs Solopenko",,5,,,,10,"LKS"
62,"Sergejs Solovjovs",,,8,,,10,"LKS"
63,"Nikolajs Starikovs",,,,,7,10,"LKS"
64,"Nadežda Svincova",,,,,12,10,"LKS"
65,"Ilona Titarenko",,,,3,,10,"LKS"
66,"Andris Tolmačovs",,2,,,,10,"LKS"
67,"Jeļena Učaikina",,10,,,,10,"LKS"
68,"Ludmila Ušakova",,,,,1,10,"LKS"
69,"Aleksejs Vasiļjevs",,,4,,,10,"LKS"
70,"Viktorija Viļumsone",28,,,,,10,"LKS"
71,"Vladimirs Vlasovs",,,,6,,10,"LKS"
72,"Ludmila Vorobjova",,11,,,,10,"LKS"
73,"Jurijs Zaicevs",,,1,,,10,"LKS"
74,"Aina Žuravļova",17,,,,,10,"LKS"
1,"Valērijs Agešins",,,,1,,11,"SC"
2,"Vitālijs Aizbalts",,,4,,,11,"SC"
3,"Aļona Annišineca",,,12,,,11,"SC"
4,"Ziedonis Apariņš",,29,,,,11,"SC"
5,"Andris Arcimovičs",,,,,8,11,"SC"
6,"Mārtiņš Artiņš",,19,,,,11,"SC"
7,"Viesturs Āboliņš",28,,,,,11,"SC"
8,"Jānis Ādamsons",,4,,,,11,"SC"
9,"Inese Baikovska",,17,,,,11,"SC"
10,"Marks Barkāns",,26,,,,11,"SC"
11,"Raivis Belohvoščiks",30,,,,,11,"SC"
12,"Olga Belova",,,18,,,11,"SC"
13,"Sandris Bergmanis",,7,,,,11,"SC"
14,"Raimonds Bērziņš",,27,,,,11,"SC"
15,"Boriss Cilevičs",4,,,,,11,"SC"
16,"Mihails Cogla",,,,13,,11,"SC"
17,"Leonids Cvetkovs",,,15,,,11,"SC"
18,"Raitis Čekšs",,,,,12,11,"SC"
19,"Normunds Dimitrijevs",,,11,,,11,"SC"
20,"Sergejs Dolgopolovs",,2,,,,11,"SC"
21,"Irina Dolgova",,,,,17,11,"SC"
22,"Jaroslavs Dorenskis",,,,14,,11,"SC"
23,"Vladimirs Eihenbaums",31,,,,,11,"SC"
24,"Andrejs Elksniņš",,,1,,,11,"SC"
25,"Ludmila Fedorkova",,11,,,,11,"SC"
26,"Henrijs Frīdenbergs",22,,,,,11,"SC"
27,"Raimonds Gailis",8,,,,,11,"SC"
28,"Sergejs Galaveckis",,,,15,,11,"SC"
29,"Jānis Geduševs",3,,,,,11,"SC"
30,"Valentīns Grigorjevs",,,,,4,11,"SC"
31,"Oļegs Hļebņikovs",,,10,,,11,"SC"
32,"Mihails Hohlovs",,,,,13,11,"SC"
33,"Marjana Ivanova-Jevsejeva",,,9,,,11,"SC"
34,"Vladimirs Ivanovs",20,,,,,11,"SC"
35,"Kristīna Jablonska",,,,9,,11,"SC"
36,"Aleksandrs Jakimovs",,,7,,,11,"SC"
37,"Ivars Jakovels",,,,,3,11,"SC"
38,"Jeļena Jakovļeva",25,,,,,11,"SC"
39,"Viktors Jakovļevs",,6,,,,11,"SC"
40,"Indulis Jankovskis",,,,3,,11,"SC"
41,"Viktors Jasiņavičs",,,17,,,11,"SC"
42,"Pjotrs Jevtušenko",,,,8,,11,"SC"
43,"Einārs Jurkevičs",,,16,,,11,"SC"
44,"Valdis Kalniņš",,23,,,,11,"SC"
45,"Agnis Kalnkaziņš",7,,,,,11,"SC"
46,"Raimonds Kalvišs",,,13,,,11,"SC"
47,"Modris Karpovs",,,14,,,11,"SC"
48,"Ivo Kiršblats",11,,,,,11,"SC"
49,"Ivans Klementjevs",12,,,,,11,"SC"
50,"Andrejs Klementjevs",2,,,,,11,"SC"
51,"Jeļena Koncevaja",23,,,,,11,"SC"
52,"Andrejs Kondratjuks",,13,,,,11,"SC"
53,"Aivars Guntis Kreituss",,9,,,,11,"SC"
54,"Kristaps Laucis",,16,,,,11,"SC"
55,"Aigars Lavrinovičs",,18,,,,11,"SC"
56,"Jeļena Lazareva",,,6,,,11,"SC"
57,"Kārlis Leiškalns",,3,,,,11,"SC"
58,"Regīna Ločmele-Luņova",15,,,,,11,"SC"
59,"Fjodors Maļonkins",,24,,,,11,"SC"
60,"Aleksejs Medvedevs",,,,4,,11,"SC"
61,"Gatis Meiris",,,,12,,11,"SC"
62,"Romans Miloslavskis",,,,5,,11,"SC"
63,"Sergejs Mirskis",5,,,,,11,"SC"
64,"Anatolijs Misjuks",,,,,11,11,"SC"
65,"Ralfs Morītis",,12,,,,11,"SC"
66,"Andris Morozovs",35,,,,,11,"SC"
67,"Valerijs Nikolajevs",,,,,15,11,"SC"
68,"Vladimirs Nikonovs",,,8,,,11,"SC"
69,"Ņikita Ņikiforovs",13,,,,,11,"SC"
70,"Dzintars Obrickis",,,,16,,11,"SC"
71,"Vitālijs Orlovs",,,,,2,11,"SC"
72,"Viktors Paškovs",26,,,,,11,"SC"
73,"Sergejs Pašukovs",,,,,9,11,"SC"
74,"Krišjānis Peters",,,,,1,11,"SC"
75,"Igors Pimenovs",16,,,,,11,"SC"
76,"Sergejs Potapkins",9,,,,,11,"SC"
77,"Jānis Priede",,22,,,,11,"SC"
78,"Igors Puntuss",33,,,,,11,"SC"
79,"Tatjana Rezņika",,20,,,,11,"SC"
80,"Ivans Ribakovs",,,3,,,11,"SC"
81,"Baiba Rozentāle",10,,,,,11,"SC"
82,"Artūrs Rubiks",6,,,,,11,"SC"
83,"Raimonds Rubiks",,,5,,,11,"SC"
84,"Raimonds Rublovskis",,,,2,,11,"SC"
85,"Iveta Safranoviča",,,,,7,11,"SC"
86,"Inna Sakoviča",,,,,16,11,"SC"
87,"Aleksandrs Sakovskis",,5,,,,11,"SC"
88,"Vadims Savkovs",,28,,,,11,"SC"
89,"Nikolajs Skačkovs",34,,,,,11,"SC"
90,"Gaļina Skorobogatova",,,,6,,11,"SC"
91,"Nikolajs Sokols",,,,,5,11,"SC"
92,"Karina Sprūde",,14,,,,11,"SC"
93,"Jūlija Stepaņenko",14,,,,,11,"SC"
94,"Vjačeslavs Stunžāns",,,,10,,11,"SC"
95,"Andrejs Šikors",24,,,,,11,"SC"
96,"Inese Švekle",18,,,,,11,"SC"
97,"Natalija Tkačenko",,,,11,,11,"SC"
98,"Zenta Tretjaka",,,,,6,11,"SC"
99,"Vitalijs Trusevičs",,,,7,,11,"SC"
100,"Jānis Tutins",,,2,,,11,"SC"
101,"Jānis Urbanovičs",1,,,,,11,"SC"
102,"Normunds Vagalis",,21,,,,11,"SC"
103,"Edgars Vaikulis",,10,,,,11,"SC"
104,"Aleksandrs Vasiļjevs",32,,,,,11,"SC"
105,"Valerijs Vilčinskis",,15,,,,11,"SC"
106,"Ruslans Vrobļevskis",,,,,14,11,"SC"
107,"Jeļena Zagainova",21,,,,,11,"SC"
108,"Ivars Zariņš",,1,,,,11,"SC"
109,"Mihails Zemļinskis",17,,,,,11,"SC"
110,"Inga Ziņģe-Pupiņa",27,,,,,11,"SC"
111,"Igors Zujevs",19,,,,,11,"SC"
112,"Edgars Zveja",,8,,,,11,"SC"
113,"Mareks Žizņevskis",,,,,10,11,"SC"
114,"Igors Žukovs",,25,,,,11,"SC"
115,"Vladimirs Žuks",29,,,,,11,"SC"
1,"Inese Aizstrauta",,5,,,,12,"ZZS"
2,"Uldis Augulis",,,,,2,12,"ZZS"
3,"Gatis Ābele",,19,,,,12,"ZZS"
4,"Aija Barča",,,,2,,12,"ZZS"
5,"Ivars Bārdiņš",34,,,,,12,"ZZS"
6,"Rolands Bārenis",28,,,,,12,"ZZS"
7,"Uldis Beite",20,,,,,12,"ZZS"
8,"Guntis Belēvičs",1,,,,,12,"ZZS"
9,"Rūta Bendere",31,,,,,12,"ZZS"
10,"Raimonds Bergmanis",,,,,4,12,"ZZS"
11,"Andris Bērziņš",,,,,3,12,"ZZS"
12,"Gunārs Binde",19,,,,,12,"ZZS"
13,"Jānis Blūzmanis",,,,,15,12,"ZZS"
14,"Uldis Boitmanis",,,,15,,12,"ZZS"
15,"Gints Briežkalns",24,,,,,12,"ZZS"
16,"Augusts Brigmanis",,,,,1,12,"ZZS"
17,"Ēvalds Cauņa",,,6,,,12,"ZZS"
18,"Gunārs Ciglis",,25,,,,12,"ZZS"
19,"Valters Dambe",,17,,,,12,"ZZS"
20,"Gundars Daudze",,,,3,,12,"ZZS"
21,"Aivars Dronka",,,,,9,12,"ZZS"
22,"Jānis Dūklavs",,1,,,,12,"ZZS"
23,"Māris Dzelzskalns",,24,,,,12,"ZZS"
24,"Gatis Dzērve-Tāluts",30,,,,,12,"ZZS"
25,"Vugars Ecmanis",,9,,,,12,"ZZS"
26,"Rihards Eigims",,,2,,,12,"ZZS"
27,"Jānis Golubevs",,,17,,,12,"ZZS"
28,"Artūrs Graudiņš",8,,,,,12,"ZZS"
29,"Vijārs Griķis",,27,,,,12,"ZZS"
30,"Ruta Grustāne",,,14,,,12,"ZZS"
31,"Inga Gudēviča",12,,,,,12,"ZZS"
32,"Jānis Ieviņš",13,,,,,12,"ZZS"
33,"Mārtiņš Jirgens",23,,,,,12,"ZZS"
34,"Elita Kalniņa",11,,,,,12,"ZZS"
35,"Guntis Kalniņš",,,,,13,12,"ZZS"
36,"Valdis Kalnozols",4,,,,,12,"ZZS"
37,"Dainis Karols",,,,5,,12,"ZZS"
38,"Inese Kārkliņa",,20,,,,12,"ZZS"
39,"Elita Keiša",,,,,14,12,"ZZS"
40,"Katrīna Killa",33,,,,,12,"ZZS"
41,"Jānis Klaužs",,,3,,,12,"ZZS"
42,"Ilze Kļava",,,,9,,12,"ZZS"
43,"Askolds Kļaviņš",35,,,,,12,"ZZS"
44,"Valerijs Kozlovs",,,18,,,12,"ZZS"
45,"Līga Kozlovska",,,5,,,12,"ZZS"
46,"Armands Krauze",,4,,,,12,"ZZS"
47,"Māris Kučinskis",3,,,,,12,"ZZS"
48,"Vitolds Kudurs",,,9,,,12,"ZZS"
49,"Jānis Leitis",,16,,,,12,"ZZS"
50,"Ingmārs Līdaka",,2,,,,12,"ZZS"
51,"Arnis Luhse",,10,,,,12,"ZZS"
52,"Agris Lungevičs",,15,,,,12,"ZZS"
53,"Voldemārs Lūsis",,18,,,,12,"ZZS"
54,"Jeļena Malahova",26,,,,,12,"ZZS"
55,"Mārtiņš Martinsons",,,,10,,12,"ZZS"
56,"Ģirts Mazurs",18,,,,,12,"ZZS"
57,"Jānis Megnis",,,,14,,12,"ZZS"
58,"Pāvels Melnis",,,10,,,12,"ZZS"
59,"Ainārs Mežulis",,6,,,,12,"ZZS"
60,"Andris Mihaļovs",,28,,,,12,"ZZS"
61,"Aivars Nalivaiko",,13,,,,12,"ZZS"
62,"Irēna Opšteine",,,,8,,12,"ZZS"
63,"Andrejs Panteļējevs",,,7,,,12,"ZZS"
64,"Imants Pastors",,11,,,,12,"ZZS"
65,"Rihards Plotka",29,,,,,12,"ZZS"
66,"Uldis Plūmīte",,23,,,,12,"ZZS"
67,"Indriķis Putniņš",,7,,,,12,"ZZS"
68,"Edgars Putra",,,,13,,12,"ZZS"
69,"Vita Pūķe",,22,,,,12,"ZZS"
70,"Arvīds Raciborskis",,,11,,,12,"ZZS"
71,"Artis Rasmanis",,8,,,,12,"ZZS"
72,"Jānis Rāzna",6,,,,,12,"ZZS"
73,"Dana Reizniece-Ozola",,,,1,,12,"ZZS"
74,"Kaspars Rimšs",,,16,,,12,"ZZS"
75,"Dace Rolava",25,,,,,12,"ZZS"
76,"Sandra Rone",,26,,,,12,"ZZS"
77,"Inguna Rožkalne-Žubure",,21,,,,12,"ZZS"
78,"Aivars Rudzroga",,,,12,,12,"ZZS"
79,"Liene Rulle",,,,,17,12,"ZZS"
80,"Mārtiņš Ruža",,,,,10,12,"ZZS"
81,"Māris Salzirnis",15,,,,,12,"ZZS"
82,"Mareks Segliņš",,,,4,,12,"ZZS"
83,"Kārlis Seržants",2,,,,,12,"ZZS"
84,"Andris Siliņš",,3,,,,12,"ZZS"
85,"Valdis Skujiņš",,,,16,,12,"ZZS"
86,"Aldis Slavinskis",,,,11,,12,"ZZS"
87,"Māris Slokenbergs",17,,,,,12,"ZZS"
88,"Alfons Spēks",,,,6,,12,"ZZS"
89,"Baiba Stabulniece",16,,,,,12,"ZZS"
90,"Jānis Stakens",9,,,,,12,"ZZS"
91,"Dagnija Staķe",,,,,7,12,"ZZS"
92,"Aivars Straume",,14,,,,12,"ZZS"
93,"Izolde Stugle",,,15,,,12,"ZZS"
94,"Staņislavs Šķesters",,,8,,,12,"ZZS"
95,"Inga Štāle",,,,,8,12,"ZZS"
96,"Edgars Tavars",5,,,,,12,"ZZS"
97,"Andris Tēraudkalns",32,,,,,12,"ZZS"
98,"Kristaps Treimanis",21,,,,,12,"ZZS"
99,"Jānis Trupovnieks",,,4,,,12,"ZZS"
100,"Arvīds Ulme",7,,,,,12,"ZZS"
101,"Diāna Upeniece",,,13,,,12,"ZZS"
102,"Reinis Uzulnieks",10,,,,,12,"ZZS"
103,"Daina Vasiļevska",22,,,,,12,"ZZS"
104,"Alīda Vāne",,,,,16,12,"ZZS"
105,"Juris Vectirāns",,,,,5,12,"ZZS"
106,"Vilnis Veinbergs",,,,,6,12,"ZZS"
107,"Raimonds Vējonis",,,1,,,12,"ZZS"
108,"Antija Vēvere",,,12,,,12,"ZZS"
109,"Ingrīda Vilkārse",,29,,,,12,"ZZS"
110,"Ilona Virza-Zariņa",,,,,11,12,"ZZS"
111,"Renārs Vītols",27,,,,,12,"ZZS"
112,"Jānis Vucāns",,,,7,,12,"ZZS"
113,"Ēriks Zaporožecs",,,,,12,12,"ZZS"
114,"Didzis Zemmers",,12,,,,12,"ZZS"
115,"Jānis Zīvers",14,,,,,12,"ZZS"
1,"Ivars Amoliņš",,,,,9,13,"No sirds Latvijai"
2,"Jautrīte Ašurova",,13,,,,13,"No sirds Latvijai"
3,"Ringolds Balodis",,,,1,,13,"No sirds Latvijai"
4,"Sandra Bāliņa",14,,,,,13,"No sirds Latvijai"
5,"Sandis Bārdiņš",,,,11,,13,"No sirds Latvijai"
6,"Valters Bolēvics",6,,,,,13,"No sirds Latvijai"
7,"Tamāra Brice",25,,,,,13,"No sirds Latvijai"
8,"Liene Cipule",,3,,,,13,"No sirds Latvijai"
9,"Jānis Dārziņš",,,8,,,13,"No sirds Latvijai"
10,"Guntars Dārznieks",,6,,,,13,"No sirds Latvijai"
11,"Vera Doreiko-Sinkeviča",,,12,,,13,"No sirds Latvijai"
12,"Guntars Driņķis",,9,,,,13,"No sirds Latvijai"
13,"Anžela Dubovska",,,6,,,13,"No sirds Latvijai"
14,"Marita Eisaka",22,,,,,13,"No sirds Latvijai"
15,"Ivars Falks",,,,,4,13,"No sirds Latvijai"
16,"Rihards Fridbergs",33,,,,,13,"No sirds Latvijai"
17,"Jānis Garbovskis",,7,,,,13,"No sirds Latvijai"
18,"Skaidrīte Grigale",,,4,,,13,"No sirds Latvijai"
19,"Jānis Grigalis",21,,,,,13,"No sirds Latvijai"
20,"Eduards Grubevičs",,,13,,,13,"No sirds Latvijai"
21,"Juris Jaunzems",,,,8,,13,"No sirds Latvijai"
22,"Andrejs Jirgensons",23,,,,,13,"No sirds Latvijai"
23,"Māris Jurušs",,8,,,,13,"No sirds Latvijai"
24,"Juris Kajaks",,17,,,,13,"No sirds Latvijai"
25,"Daiga Kalniņa",,,,2,,13,"No sirds Latvijai"
26,"Inguna Kalniņa",11,,,,,13,"No sirds Latvijai"
27,"Leonīds Kaļiņins",,,16,,,13,"No sirds Latvijai"
28,"Dace Kaminska",,,,,12,13,"No sirds Latvijai"
29,"Andrejs Kitovs",,,14,,,13,"No sirds Latvijai"
30,"Pēteris Kolāts",,,,7,,13,"No sirds Latvijai"
31,"Ineta Kona",,21,,,,13,"No sirds Latvijai"
32,"Gints Kragliks",,18,,,,13,"No sirds Latvijai"
33,"Andrejs Krasņikovs",8,,,,,13,"No sirds Latvijai"
34,"Ivars Krusts",,,,,13,13,"No sirds Latvijai"
35,"Jānis Kurpnieks",,,,,8,13,"No sirds Latvijai"
36,"Nelli Kutukova",30,,,,,13,"No sirds Latvijai"
37,"Gunārs Kūtris",,1,,,,13,"No sirds Latvijai"
38,"Inese Lagzdiņa",,,,13,,13,"No sirds Latvijai"
39,"Margarita Laicāne",,25,,,,13,"No sirds Latvijai"
40,"Inna Laizāne",7,,,,,13,"No sirds Latvijai"
41,"Tālis Laizāns",9,,,,,13,"No sirds Latvijai"
42,"Valdis Lauskis",5,,,,,13,"No sirds Latvijai"
43,"Silva Lazda-Poikāne",32,,,,,13,"No sirds Latvijai"
44,"Valentīna Lazovska",,,9,,,13,"No sirds Latvijai"
45,"Viktors Lelis",,,,,6,13,"No sirds Latvijai"
46,"Jānis Liberts",17,,,,,13,"No sirds Latvijai"
47,"Marks Lomonosovs",,20,,,,13,"No sirds Latvijai"
48,"Oskars Lūsis",,10,,,,13,"No sirds Latvijai"
49,"Romualds Maculevičs",,,10,,,13,"No sirds Latvijai"
50,"Natālija Magazeina",,,,5,,13,"No sirds Latvijai"
51,"Daina Medne",10,,,,,13,"No sirds Latvijai"
52,"Aivars Meija",,,,,1,13,"No sirds Latvijai"
53,"Agris Meirēns",,,,,14,13,"No sirds Latvijai"
54,"Romāns Mežeckis",3,,,,,13,"No sirds Latvijai"
55,"Klāvs Miezis",,24,,,,13,"No sirds Latvijai"
56,"Māris Nagla",,,,4,,13,"No sirds Latvijai"
57,"Jānis Neimanis",,,,6,,13,"No sirds Latvijai"
58,"Raimonds Nipers",,,5,,,13,"No sirds Latvijai"
59,"Diāna Novicka",,,,,2,13,"No sirds Latvijai"
60,"Dace Nulle",4,,,,,13,"No sirds Latvijai"
61,"Iveta Ozoliņa",,11,,,,13,"No sirds Latvijai"
62,"Sergejs Parvatkins",13,,,,,13,"No sirds Latvijai"
63,"Jekaterīna Pavlova",18,,,,,13,"No sirds Latvijai"
64,"Inguna Pelše",,26,,,,13,"No sirds Latvijai"
65,"Anita Petrova",,,2,,,13,"No sirds Latvijai"
66,"Edmunds Pētersons",,,,,5,13,"No sirds Latvijai"
67,"Inese Pivare",,27,,,,13,"No sirds Latvijai"
68,"Arvīds Platpers",,4,,,,13,"No sirds Latvijai"
69,"Andris Priekulis",2,,,,,13,"No sirds Latvijai"
70,"Juris Razživins",,,,,10,13,"No sirds Latvijai"
71,"Baiba Reitere",28,,,,,13,"No sirds Latvijai"
72,"Guntis Rolis",,,,3,,13,"No sirds Latvijai"
73,"Anatolijs Romaņuks",,,7,,,13,"No sirds Latvijai"
74,"Valters Rotkājs",,15,,,,13,"No sirds Latvijai"
75,"Roksana Rudeviča",24,,,,,13,"No sirds Latvijai"
76,"Vladimirs Rusanovs",26,,,,,13,"No sirds Latvijai"
77,"Aivars Saulītis",,,,,7,13,"No sirds Latvijai"
78,"Silvija Saviča",,23,,,,13,"No sirds Latvijai"
79,"Tahirs Sīmanis",,22,,,,13,"No sirds Latvijai"
80,"Indulis Skudra",,,,,11,13,"No sirds Latvijai"
81,"Mārtiņš Smilga",19,,,,,13,"No sirds Latvijai"
82,"Heino Spulģis",15,,,,,13,"No sirds Latvijai"
83,"Ineta Stabulniece",,2,,,,13,"No sirds Latvijai"
84,"Inese Straume",,14,,,,13,"No sirds Latvijai"
85,"Inguna Sudraba",1,,,,,13,"No sirds Latvijai"
86,"Valentīna Šabuņeviča",,,3,,,13,"No sirds Latvijai"
87,"Silvija Šimfa",,,1,,,13,"No sirds Latvijai"
88,"Natālija Tautkusa",,,11,,,13,"No sirds Latvijai"
89,"Igors Tračums",,19,,,,13,"No sirds Latvijai"
90,"Ēriks Treļs",12,,,,,13,"No sirds Latvijai"
91,"Aleksejs Trigubjuks",31,,,,,13,"No sirds Latvijai"
92,"Normunds Tukišs",,12,,,,13,"No sirds Latvijai"
93,"Iveta Tumaščika",,,,9,,13,"No sirds Latvijai"
94,"Ilgvars Ugars",,,15,,,13,"No sirds Latvijai"
95,"Liāna Ulmane",,,,,15,13,"No sirds Latvijai"
96,"Inese Vārslavāne",,,,,3,13,"No sirds Latvijai"
97,"Jānis Veips",,,,12,,13,"No sirds Latvijai"
98,"Daina Verveiko",16,,,,,13,"No sirds Latvijai"
99,"Modra Vilkauša",,16,,,,13,"No sirds Latvijai"
100,"Guntars Viziņš",,5,,,,13,"No sirds Latvijai"
101,"Jānis Zalcmanis",29,,,,,13,"No sirds Latvijai"
102,"Daiga Zipeva-Biumane",,,,10,,13,"No sirds Latvijai"
103,"Vladimirs Zvonarevs",20,,,,,13,"No sirds Latvijai"
104,"Artūrs Žalostibs",27,,,,,13,"No sirds Latvijai"
105,"Iveta Žvagiņa",,,,,16,13,"No sirds Latvijai"
