PostNum,Candidate,PreNum,Pluses,Minuses,Points,Result,Saeima,Party,District,BallotsForParty
1,"Andris Vilks",2,12301,1689,60091,ievēlēts,11,1,1,49479
2,"Ojārs Ēriks Kalniņš",7,8252,2104,55627,ievēlēts,11,1,1,49479
3,"Andrejs Judins",4,6895,1807,54567,ievēlēts,11,1,1,49479
4,"Ilze Viņķele",11,7401,2731,54149,ievēlēts,11,1,1,49479
5,"Andris Buiķis",6,6778,2685,53572,ievēlēts,11,1,1,49479
6,"Inguna Rībena",9,7324,3682,53121,ievēlēts,11,1,1,49479
7,"Lolita Čigāne",3,7934,4774,52639,"",11,1,1,49479
8,"Rasma Kārkliņa",8,4953,2004,52428,"",11,1,1,49479
9,"Veiko Spolītis",33,2390,2088,49781,"",11,1,1,49479
10,"Uģis Rotbergs",10,2230,2206,49503,"",11,1,1,49479
11,"Hosams Abu Meri",16,4840,5044,49275,"",11,1,1,49479
12,"Kārlis Strēlis",15,2311,2576,49214,"",11,1,1,49479
13,"Inese Kalniņa",13,1754,2026,49207,"",11,1,1,49479
14,"Jānis Mārtiņš Zandbergs",22,1778,2082,49175,"",11,1,1,49479
15,"Ervins Labanovskis",25,1828,2233,49074,"",11,1,1,49479
16,"Mārcis Gobiņš",24,1563,2008,49034,"",11,1,1,49479
17,"Mārtiņš Reinis Sausiņš",5,2258,2704,49033,"",11,1,1,49479
18,"Kārlis Līdaks",20,1713,2187,49005,"",11,1,1,49479
19,"Jānis Bērziņš",21,1528,2049,48958,"",11,1,1,49479
20,"Sarmīte Veide",12,2038,2683,48834,"",11,1,1,49479
21,"Juris Plēsums",31,1431,2143,48767,"",11,1,1,49479
22,"Dace Balode",18,1394,2150,48723,"",11,1,1,49479
23,"Sanita Stelpe",14,1190,2185,48484,"",11,1,1,49479
24,"Ieva Margeviča",26,1090,2185,48384,"",11,1,1,49479
25,"Uldis Plūmīte",29,1058,2153,48384,"",11,1,1,49479
26,"Edgars Engīzers",30,1176,2301,48354,"",11,1,1,49479
27,"Ivars Bandonis",28,1063,2222,48320,"",11,1,1,49479
28,"Uvis Toms",23,985,2163,48301,"",11,1,1,49479
29,"Inese Muhka",19,1254,2449,48284,"",11,1,1,49479
30,"Valdis Šakars",32,1039,2237,48281,"",11,1,1,49479
31,"Uģis Resnis",17,1128,2559,48048,"",11,1,1,49479
32,"Kristīne Jučkoviča",27,920,2405,47994,"",11,1,1,49479
33,"Ģirts Valdis Kristovskis",1,8592,14531,43540,"",11,1,1,49479
1,"Valdis Dombrovskis",1,45228,763,107581,ievēlēts,11,1,2,63116
2,"Artis Pabriks",2,19376,4493,77999,ievēlēts,11,1,2,63116
3,"Ilma Čepāne",3,17617,3518,77215,ievēlēts,11,1,2,63116
4,"Ainars Latkovskis",4,9799,3290,69625,ievēlēts,11,1,2,63116
5,"Ina Druviete",5,10301,5933,67484,ievēlēts,11,1,2,63116
6,"Dzintars Ābiķis",6,7453,6835,63734,ievēlēts,11,1,2,63116
7,"Edvards Smiltēns",7,4279,3667,63728,ievēlēts,11,1,2,63116
8,"Ingmārs Čaklais",9,4644,5461,62299,"",11,1,2,63116
9,"Arvils Ašeradens",8,3362,4842,61636,"",11,1,2,63116
10,"Andis Caunītis",12,2057,3596,61577,"",11,1,2,63116
11,"Liene Liepiņa",11,2766,4332,61550,"",11,1,2,63116
12,"Ilze Vergina",10,2436,4082,61470,"",11,1,2,63116
13,"Astrīda Harju",15,2216,4073,61259,"",11,1,2,63116
14,"Ainārs Šteins",13,2023,3910,61229,"",11,1,2,63116
15,"Viesturs Zariņš",23,1414,3546,60984,"",11,1,2,63116
16,"Pēteris Ontužāns",18,1777,4080,60813,"",11,1,2,63116
17,"Jānis Siliņš",20,1605,4012,60709,"",11,1,2,63116
18,"Mārtiņš Bojārs",16,1849,4261,60704,"",11,1,2,63116
19,"Aivars Veiss",17,1290,3731,60675,"",11,1,2,63116
20,"Juris Žūriņš",14,1833,4292,60657,"",11,1,2,63116
21,"Andris Grafs",27,1337,3831,60622,"",11,1,2,63116
22,"Juris Jerums",29,1265,3831,60550,"",11,1,2,63116
23,"Ilgonis Leišavnieks",19,1394,3985,60525,"",11,1,2,63116
24,"Normunds Orleāns",25,1406,4022,60500,"",11,1,2,63116
25,"Gints Sūna",22,1152,3774,60494,"",11,1,2,63116
26,"Ivo Skudiķis",24,924,4040,60000,"",11,1,2,63116
27,"Igors Aleksandrovs",28,1485,5535,59066,"",11,1,2,63116
28,"Marika Gladkija",21,952,5038,59030,"",11,1,2,63116
29,"Harijs Ozols",26,2602,6937,58781,"",11,1,2,63116
30,"Modris Jaunups",30,2209,8209,57116,"",11,1,2,63116
1,"Aleksejs Loskutovs",2,4497,710,15395,ievēlēts,11,1,3,11608
2,"Jānis Lāčplēsis",1,3557,849,14316,ievēlēts,11,1,3,11608
3,"Sarmīte Ķikuste",3,2473,971,13110,"",11,1,3,11608
4,"Līvija Plavinska",4,1484,906,12186,"",11,1,3,11608
5,"Aivars Broks",18,1146,1014,11740,"",11,1,3,11608
6,"Gundega Rancāne",10,1159,1028,11739,"",11,1,3,11608
7,"Aldis Cimoška",5,1161,1155,11614,"",11,1,3,11608
8,"Maija Spūle",7,933,1084,11457,"",11,1,3,11608
9,"Valfrīds Paškevičs",14,646,1090,11164,"",11,1,3,11608
10,"Maija Upeniece",17,607,1108,11107,"",11,1,3,11608
11,"Jānis Lazdāns",13,534,1037,11105,"",11,1,3,11608
12,"Aivars Bāliņš",11,445,1052,11001,"",11,1,3,11608
13,"Aivars Skrebinskis",16,424,1109,10923,"",11,1,3,11608
14,"Māris Jaunašāns",15,384,1077,10915,"",11,1,3,11608
15,"Krišjānis Liepiņš",12,405,1107,10906,"",11,1,3,11608
16,"Andris Gauks",8,397,1172,10833,"",11,1,3,11608
17,"Harijs Petrockis-Petrovskis",6,461,1286,10783,"",11,1,3,11608
18,"Vjačeslavs Novikovs",9,450,1321,10737,"",11,1,3,11608
1,"Solvita Āboltiņa",1,6489,3199,25060,ievēlēts,11,1,4,21770
2,"Janīna Kursīte-Pakule",3,3848,1371,24247,ievēlēts,11,1,4,21770
3,"Ingrīda Circene",4,4086,2440,23416,"",11,1,4,21770
4,"Ints Dālderis",2,2730,1516,22984,"",11,1,4,21770
5,"Anna Seile",5,3113,2699,22184,"",11,1,4,21770
6,"Didzis Konuševskis",7,1708,1331,22147,"",11,1,4,21770
7,"Ansis Dobelis",8,1437,1161,22046,"",11,1,4,21770
8,"Karīna Korna",16,1259,1167,21862,"",11,1,4,21770
9,"Māris Mežeckis",14,1014,1138,21646,"",11,1,4,21770
10,"Kristīne Laure",9,1009,1171,21608,"",11,1,4,21770
11,"Andris Dedzis",12,1067,1379,21458,"",11,1,4,21770
12,"Laura Treimane",15,810,1145,21435,"",11,1,4,21770
13,"Edgars Krūmiņš",11,997,1335,21432,"",11,1,4,21770
14,"Ingmārs Kuklis",10,726,1195,21301,"",11,1,4,21770
15,"Ivars Ķervis",13,1334,1890,21214,"",11,1,4,21770
16,"Silva Bendrāte",6,1243,3254,19759,"",11,1,4,21770
1,"Atis Lejiņš",3,5281,1399,30472,ievēlēts,11,1,5,26590
2,"Dzintars Zaķis",4,4587,1883,29294,ievēlēts,11,1,5,26590
3,"Jānis Reirs",5,2423,1544,27469,ievēlēts,11,1,5,26590
4,"Sarmīte Ēlerte",2,5054,4640,27004,"",11,1,5,26590
5,"Aivars Volfs",6,1824,1453,26961,"",11,1,5,26590
6,"Madars Lasmanis",8,1785,1584,26791,"",11,1,5,26590
7,"Jānis Avotiņš",13,1315,1225,26680,"",11,1,5,26590
8,"Dace Lebeda",9,1635,1637,26588,"",11,1,5,26590
9,"Inga Priede",10,1243,1448,26385,"",11,1,5,26590
10,"Ansis Saliņš",7,1099,1328,26361,"",11,1,5,26590
11,"Krišjānis Bušs",11,980,1339,26231,"",11,1,5,26590
12,"Gatis Puriņš",17,879,1336,26133,"",11,1,5,26590
13,"Linards Počs",15,935,1443,26082,"",11,1,5,26590
14,"Andis Geižāns",18,937,1466,26061,"",11,1,5,26590
15,"Mārtiņš Ķeņģis",16,772,1424,25938,"",11,1,5,26590
16,"Viktors Vilkaušs",12,860,1520,25930,"",11,1,5,26590
17,"Jānis Derkusovs",14,778,1496,25872,"",11,1,5,26590
18,"Aigars Štokenbergs",1,4572,6212,24950,"",11,1,5,26590
1,"Velta Cimdiņa",6,87,38,722,N/A,11,2,1,673
2,"Aivars Timofejevs",1,74,42,705,N/A,11,2,1,673
3,"Diāna Jakubovska",2,71,44,700,N/A,11,2,1,673
4,"Gunārs Eniņš",13,52,31,694,N/A,11,2,1,673
5,"Jānis Stradiņš",12,58,38,693,N/A,11,2,1,673
6,"Jānis Ozers",5,53,39,687,N/A,11,2,1,673
7,"Dagnis Reinsons",4,46,42,677,N/A,11,2,1,673
8,"Margarita Krauča",3,48,47,674,N/A,11,2,1,673
9,"Zigurds Bērziņš",7,38,43,668,N/A,11,2,1,673
10,"Inta Beikmane",10,32,38,667,N/A,11,2,1,673
11,"Zanda Bautre",20,32,40,665,N/A,11,2,1,673
12,"Dagmāra Enkuzena",14,32,41,664,N/A,11,2,1,673
13,"Inita Leimane",18,33,43,663,N/A,11,2,1,673
14,"Simona Kalniņa",8,33,44,662,N/A,11,2,1,673
15,"Vilnis Krasovskis",17,30,45,658,N/A,11,2,1,673
16,"Pēteris Ladnijs",16,22,40,655,N/A,11,2,1,673
17,"Zigrīda Orehova",11,24,45,652,N/A,11,2,1,673
18,"Māra Sadovska",9,24,48,649,N/A,11,2,1,673
19,"Lidija Hmeļevska",19,27,53,647,N/A,11,2,1,673
20,"Jeļena Delegāne",15,22,52,643,N/A,11,2,1,673
1,"Ilga Ozoliņa",2,117,46,720,N/A,11,2,2,649
2,"Māris Pļaviņš",1,118,57,710,N/A,11,2,2,649
3,"Guntis Pužulis",9,58,54,653,N/A,11,2,2,649
4,"Aigars Krīgalis",3,69,66,652,N/A,11,2,2,649
5,"Skaidra Kalniņa",6,64,61,652,N/A,11,2,2,649
6,"Ilze Sniega-Sniedziņa",8,61,60,650,N/A,11,2,2,649
7,"Edgars Mednis",10,56,60,645,N/A,11,2,2,649
8,"Ivans Pavlovskis",5,56,63,642,N/A,11,2,2,649
9,"Aigars Orups",4,48,62,635,N/A,11,2,2,649
10,"Jānis Šmeiss",7,48,66,631,N/A,11,2,2,649
1,"Andrejs Zagorskis",2,102,18,478,N/A,11,2,3,394
2,"Jānis Dinevičs",1,80,26,448,N/A,11,2,3,394
3,"Daina Pliča",5,65,28,431,N/A,11,2,3,394
4,"Andris Pakers",6,51,26,419,N/A,11,2,3,394
5,"Malda Kristovska",3,50,35,409,N/A,11,2,3,394
6,"Aivars Roskošs",8,47,36,405,N/A,11,2,3,394
7,"Henriks Miglāns",4,33,38,389,N/A,11,2,3,394
8,"Vitālijs Aleksandrovičs",7,25,39,380,N/A,11,2,3,394
1,"Aidis Herings",8,76,15,408,N/A,11,2,4,347
2,"Valdis Dīriņš",2,66,23,390,N/A,11,2,4,347
3,"Arvīds Kinstlers",5,47,23,371,N/A,11,2,4,347
4,"Ilga Vitāle",1,34,23,358,N/A,11,2,4,347
5,"Laila Balga",3,31,21,357,N/A,11,2,4,347
6,"Laimdota Zeberkste",4,22,22,347,N/A,11,2,4,347
7,"Ieviņa Svitiņa",6,21,22,346,N/A,11,2,4,347
8,"Oksana Veselova",7,20,25,342,N/A,11,2,4,347
1,"Guntis Jankovskis",1,122,38,552,N/A,11,2,5,468
2,"Jānis Čevers",2,59,56,471,N/A,11,2,5,468
3,"Valdis Arcimovičs",4,40,45,463,N/A,11,2,5,468
4,"Valērijs Gabrāns",5,45,54,459,N/A,11,2,5,468
5,"Līga Čaplinska",8,40,51,457,N/A,11,2,5,468
6,"Inga Fišere",3,39,51,456,N/A,11,2,5,468
7,"Rudīte Lauriņa",6,36,55,449,N/A,11,2,5,468
8,"Māris Leitlants",7,25,57,436,N/A,11,2,5,468
1,"Edmunds Sprūdžs",1,11763,2371,52369,ievēlēts,11,3,1,42977
2,"Vjačeslavs Dombrovskis",2,7171,1365,48783,ievēlēts,11,3,1,42977
3,"Kārlis Eņģelis",16,2310,852,44435,ievēlēts,11,3,1,42977
4,"Inga Bite",11,2314,918,44373,ievēlēts,11,3,1,42977
5,"Valdis Liepiņš",6,2418,1043,44352,ievēlēts,11,3,1,42977
6,"Daina Kazāka",7,2345,993,44329,"",11,3,1,42977
7,"Vilnis Ķirsis",14,2122,846,44253,"",11,3,1,42977
8,"Jānis Osis",24,2052,861,44168,"",11,3,1,42977
9,"Ainis Dābols",3,2282,1150,44109,"",11,3,1,42977
10,"Aigars Krastiņš",12,2004,909,44072,"",11,3,1,42977
11,"Jānis Siders",20,1944,883,44038,"",11,3,1,42977
12,"Andrejs Mūrnieks",13,1959,920,44016,"",11,3,1,42977
13,"Juris Ozols",30,1953,945,43985,"",11,3,1,42977
14,"Renārs Putniņš",10,1805,906,43876,"",11,3,1,42977
15,"Aivars Ozols",23,1736,857,43856,"",11,3,1,42977
16,"Antra Purviņa",17,1779,988,43768,"",11,3,1,42977
17,"Jānis Zālītis",22,1718,963,43732,"",11,3,1,42977
18,"Vija Tirzmale",4,1747,996,43728,"",11,3,1,42977
19,"Māris Ozoliņš",28,1686,1039,43624,"",11,3,1,42977
20,"Evika Siliņa",8,1587,947,43617,"",11,3,1,42977
21,"Viktors Makarovs",5,2053,1419,43611,"",11,3,1,42977
22,"Guntars Viziņš",9,1476,977,43476,"",11,3,1,42977
23,"Ilgvars Imša",15,1507,1029,43455,"",11,3,1,42977
24,"Kristīne Polata",27,1285,942,43320,"",11,3,1,42977
25,"Zigurds Plūme",26,1235,893,43319,"",11,3,1,42977
26,"Helēna Ruduša",19,1443,1116,43304,"",11,3,1,42977
27,"Valters Frīdenbergs",31,2711,2526,43162,"",11,3,1,42977
28,"Ilona Platonova",21,1299,1155,43121,"",11,3,1,42977
29,"Artūrs Sņegovičs",25,1157,1233,42901,"",11,3,1,42977
30,"Henriks Grigalinovičs",29,1250,1351,42876,"",11,3,1,42977
31,"Marija Simonova",32,1205,1391,42791,"",11,3,1,42977
32,"Dmitrijs Trofimovs",18,1276,1903,42350,"",11,3,1,42977
1,"Valdis Zatlers",1,37235,1147,103139,ievēlēts,11,3,2,67051
2,"Romualds Ražuks",10,8281,3588,71744,ievēlēts,11,3,2,67051
3,"Gunārs Rusiņš",7,5363,1540,70874,ievēlēts,11,3,2,67051
4,"Elīna Siliņa",19,4473,1492,70032,ievēlēts,11,3,2,67051
5,"Zanda Kalniņa-Lukaševica",3,4397,1604,69844,ievēlēts,11,3,2,67051
6,"Jānis Upenieks",26,3986,1368,69669,ievēlēts,11,3,2,67051
7,"Guntars Bilsēns",13,4229,1794,69486,ievēlēts,11,3,2,67051
8,"Reinis Freimanis",12,3766,1395,69422,"",11,3,2,67051
9,"Jānis Ābele",16,3692,1484,69259,"",11,3,2,67051
10,"Iveta Sietiņsone",17,4019,1824,69246,"",11,3,2,67051
11,"Austris Grasis",22,4030,1842,69239,"",11,3,2,67051
12,"Liene Ābola",9,3456,1482,69025,"",11,3,2,67051
13,"Māris Heinols",14,3661,1691,69021,"",11,3,2,67051
14,"Sarma Freiberga",4,3402,1603,68850,"",11,3,2,67051
15,"Sandra Sondore Kukule",2,4425,2801,68675,"",11,3,2,67051
16,"Rihards Kozlovskis",5,3249,1659,68641,"",11,3,2,67051
17,"Solvita Andžāne",15,3027,1551,68527,"",11,3,2,67051
18,"Una Gavare",8,3172,1795,68428,"",11,3,2,67051
19,"Mārtiņš Vanags",27,2776,1450,68377,"",11,3,2,67051
20,"Aigars Kalniņš",30,2705,1482,68274,"",11,3,2,67051
21,"Gunita Malnača",11,2648,1479,68220,"",11,3,2,67051
22,"Kaspars Bergs",25,2655,1629,68077,"",11,3,2,67051
23,"Irēna Kalniņa",21,2435,1410,68076,"",11,3,2,67051
24,"Kristaps Kosītis",24,2471,1535,67987,"",11,3,2,67051
25,"Inese Pelse",29,2503,1601,67953,"",11,3,2,67051
26,"Aigars Lisovskis",23,2436,1577,67910,"",11,3,2,67051
27,"Aija Šēla",18,2313,1856,67508,"",11,3,2,67051
28,"Valdemārs Gailītis",28,2194,1775,67470,"",11,3,2,67051
29,"Nellija Titova",6,2187,1849,67389,"",11,3,2,67051
30,"Aldis Muhks",20,1937,1708,67280,"",11,3,2,67051
1,"Juris Viļums",3,2620,855,17552,ievēlēts,11,3,3,15787
2,"Gunārs Igaunis",18,2207,736,17258,ievēlēts,11,3,3,15787
3,"Juris Vucāns",10,2126,758,17155,"",11,3,3,15787
4,"Oskars Zuģickis",1,2270,938,17119,"",11,3,3,15787
5,"Ilga Šuplinska",2,2029,901,16915,"",11,3,3,15787
6,"Andris Slišāns",9,1853,777,16863,"",11,3,3,15787
7,"Rudīte Krūmiņa",11,1537,820,16504,"",11,3,3,15787
8,"Arturs Gražulis",12,1404,777,16414,"",11,3,3,15787
9,"Valdis Labinskis",5,1422,877,16332,"",11,3,3,15787
10,"Mārīte Rozenfelde",8,1356,835,16308,"",11,3,3,15787
11,"Elizabete Viļuma",13,1301,820,16268,"",11,3,3,15787
12,"Toms Vorkalis",16,1215,827,16175,"",11,3,3,15787
13,"Ingrīda Gradkovska",15,1046,777,16056,"",11,3,3,15787
14,"Gustavs Norkārklis",4,1187,964,16010,"",11,3,3,15787
15,"Ivars Jānis Graudiņš",17,1041,833,15995,"",11,3,3,15787
16,"Dainis Mjartāns",7,1064,914,15937,"",11,3,3,15787
17,"Vjačeslavs Platpirs",14,1055,917,15925,"",11,3,3,15787
18,"Dmitrijs Oļehnovičs",6,1073,1072,15788,"",11,3,3,15787
1,"Inese Lībiņa-Egnere",2,4146,559,34336,ievēlēts,11,3,4,30749
2,"Inita Bišofa",1,3786,833,33702,ievēlēts,11,3,4,30749
3,"Jānis Junkurs",5,2878,721,32906,ievēlēts,11,3,4,30749
4,"Edmunds Demiters",3,2834,709,32874,ievēlēts,11,3,4,30749
5,"Loreta Skaburska",16,2819,694,32874,"",11,3,4,30749
6,"Andris Kalns",12,2275,640,32384,"",11,3,4,30749
7,"Rita Vilnīte",4,2371,753,32367,"",11,3,4,30749
8,"Aivis Landmanis",6,2021,696,32074,"",11,3,4,30749
9,"Inga Antāne",7,1909,604,32054,"",11,3,4,30749
10,"Zigurds Štelmahers",15,1877,721,31905,"",11,3,4,30749
11,"Arvils Jākabsons",8,1814,668,31895,"",11,3,4,30749
12,"Jolanta Klāviņa",9,1806,684,31871,"",11,3,4,30749
13,"Jānis Letinskis",10,1747,690,31806,"",11,3,4,30749
14,"Jānis Prokners",13,1619,756,31612,"",11,3,4,30749
15,"Solvita Ūdre",11,2489,1774,31464,"",11,3,4,30749
16,"Meinards Mētelis",14,1873,2487,30135,"",11,3,4,30749
1,"Klāvs Olšteins",2,5787,946,39133,ievēlēts,11,3,5,34292
2,"Jānis Ozoliņš",1,5117,670,38739,ievēlēts,11,3,5,34292
3,"Inga Vanaga",4,2998,800,36490,ievēlēts,11,3,5,34292
4,"Viktors Valainis",7,3151,1013,36430,ievēlēts,11,3,5,34292
5,"Mārtiņš Vilde",6,2864,731,36425,"",11,3,5,34292
6,"Māris Freimanis",10,3006,928,36370,"",11,3,5,34292
7,"Jānis Lapiņš",13,2494,708,36078,"",11,3,5,34292
8,"Renārs Zaļais",8,2315,863,35744,"",11,3,5,34292
9,"Jānis Ābele",15,2250,886,35656,"",11,3,5,34292
10,"Pāvils Jurjāns",3,2164,854,35602,"",11,3,5,34292
11,"Valerjans Vizulis",5,2347,1121,35518,"",11,3,5,34292
12,"Kārlis Liepiņš",16,1938,756,35474,"",11,3,5,34292
13,"Jānis Bambis",14,1948,941,35299,"",11,3,5,34292
14,"Kristaps Gramanis",12,1711,811,35192,"",11,3,5,34292
15,"Raimonds Groza",17,1797,898,35191,"",11,3,5,34292
16,"Māris Matrevics",11,1671,829,35134,"",11,3,5,34292
17,"Ruslans Straķis",18,2048,1566,34774,"",11,3,5,34292
18,"Alla Rjazanceva",9,2044,1700,34636,"",11,3,5,34292
1,"Māra Viktorija Zilgalve",1,75,14,582,N/A,11,4,1,521
2,"Armands Agrums",2,67,14,574,N/A,11,4,1,521
3,"Ilmars Lešinskis",5,47,15,553,N/A,11,4,1,521
4,"Sarmīte Janfelde",9,39,15,545,N/A,11,4,1,521
5,"Voicehs Teivāns",24,39,17,543,N/A,11,4,1,521
6,"Mareks Raups",4,36,15,542,N/A,11,4,1,521
7,"Aleksandrs Pavlovičs",7,39,18,542,N/A,11,4,1,521
8,"Maija Stefane",3,39,19,541,N/A,11,4,1,521
9,"Aivars Ušackis",10,34,15,540,N/A,11,4,1,521
10,"Anita Kokarēviča",8,35,17,539,N/A,11,4,1,521
11,"Inga Dziļuma",12,31,15,537,N/A,11,4,1,521
12,"Ēvalds Juhnēvičs",13,32,16,537,N/A,11,4,1,521
13,"Lāsma Aleksandrova",16,32,17,536,N/A,11,4,1,521
14,"Ieva Margarita Ozola",23,33,18,536,N/A,11,4,1,521
15,"Ingvars Vijups",6,29,16,534,N/A,11,4,1,521
16,"Inese Čača",20,29,16,534,N/A,11,4,1,521
17,"Ina Koroļonoka",15,27,16,532,N/A,11,4,1,521
18,"Linda Plostniece",17,25,15,531,N/A,11,4,1,521
19,"Egita Vītola",22,26,16,531,N/A,11,4,1,521
20,"Ēriks Ziņģis",11,27,18,530,N/A,11,4,1,521
21,"Svetlana Zabrocka",18,23,17,527,N/A,11,4,1,521
22,"Mārīte Vītola",19,24,18,527,N/A,11,4,1,521
23,"Aija Mačule",21,24,18,527,N/A,11,4,1,521
24,"Raivo Meškinis",14,21,16,526,N/A,11,4,1,521
1,"Ilma Andersone",1,74,17,550,N/A,11,4,2,493
2,"Vilis Dzebalis",9,60,15,538,N/A,11,4,2,493
3,"Vija Muceniece",2,55,14,534,N/A,11,4,2,493
4,"Signe Avena",12,52,14,531,N/A,11,4,2,493
5,"Iveta Erdmane",3,50,14,529,N/A,11,4,2,493
6,"Inta Tetere",7,53,17,529,N/A,11,4,2,493
7,"Arnolds Riere",10,48,12,529,N/A,11,4,2,493
8,"Vanda Ozoliņa",11,48,12,529,N/A,11,4,2,493
9,"Vilnis Imants Krievāns",6,48,13,528,N/A,11,4,2,493
10,"Regina Markuse",8,49,17,525,N/A,11,4,2,493
11,"Astrīda Pantele",4,42,14,521,N/A,11,4,2,493
12,"Agneta Vīciepa",13,42,14,521,N/A,11,4,2,493
13,"Gaļina Vološina",5,42,21,514,N/A,11,4,2,493
1,"Aleksandrs Zeimuļs-Priževoits",1,45,15,278,N/A,11,4,3,248
2,"Emīlija Strode",3,43,13,278,N/A,11,4,3,248
3,"Viktors Ceļapīters",2,39,10,277,N/A,11,4,3,248
4,"Ivars Alksnis",6,27,15,260,N/A,11,4,3,248
5,"Biruta Viktorija Komolova",4,23,18,253,N/A,11,4,3,248
6,"Ingita Pole",5,21,18,251,N/A,11,4,3,248
1,"Sandra Briķe",1,50,17,416,N/A,11,4,4,383
2,"Guntis Feldmanis",14,39,9,413,N/A,11,4,4,383
3,"Andris Eniņš",12,39,11,411,N/A,11,4,4,383
4,"Juris Briķis",6,41,14,410,N/A,11,4,4,383
5,"Arvis Circens",9,34,8,409,N/A,11,4,4,383
6,"Inese Feldmane",10,33,11,405,N/A,11,4,4,383
7,"Osvalds Putniņš",7,32,14,401,N/A,11,4,4,383
8,"Aija Raudiņa",4,28,12,399,N/A,11,4,4,383
9,"Raitis Grīvans",8,29,14,398,N/A,11,4,4,383
10,"Andris Grīnis",16,23,11,395,N/A,11,4,4,383
11,"Jurijs Bušenieks",2,25,15,393,N/A,11,4,4,383
12,"Mārtiņš Dreiblathens",15,24,15,392,N/A,11,4,4,383
13,"Valdis Indrikovs",13,18,12,389,N/A,11,4,4,383
14,"Romans Nakipovs",3,24,20,387,N/A,11,4,4,383
15,"Armands Pauris",5,21,18,386,N/A,11,4,4,383
16,"Juris Konstantinovs",11,16,17,382,N/A,11,4,4,383
1,"Dzintars Kļava",1,72,11,409,N/A,11,4,5,348
2,"Ieva Bērziņa",7,61,11,398,N/A,11,4,5,348
3,"Dzintars Priede",2,57,8,397,N/A,11,4,5,348
4,"Vilis Freimanis",5,50,12,386,N/A,11,4,5,348
5,"Ilga Baltbārzde",4,49,12,385,N/A,11,4,5,348
6,"Ivonna Puškareva",3,48,13,383,N/A,11,4,5,348
7,"Dainis Stambergs",6,41,13,376,N/A,11,4,5,348
1,"Ainārs Šlesers",1,5566,392,13787,N/A,11,5,1,8613
2,"Jānis Jurkāns",2,2619,556,10676,N/A,11,5,1,8613
3,"Ainars Baštiks",3,2023,439,10197,N/A,11,5,1,8613
4,"Andris Bērziņš",5,1625,703,9535,N/A,11,5,1,8613
5,"Inta Feldmane",12,871,481,9003,N/A,11,5,1,8613
6,"Jānis Šmits",11,823,587,8849,N/A,11,5,1,8613
7,"Agris Ameriks",8,838,695,8756,N/A,11,5,1,8613
8,"Almers Ludviks",15,506,605,8514,N/A,11,5,1,8613
9,"Irina Pētersone",7,550,712,8451,N/A,11,5,1,8613
10,"Juris Upmalis",22,356,546,8423,N/A,11,5,1,8613
11,"Pāvels Seļivanovs",4,497,744,8366,N/A,11,5,1,8613
12,"Juris Šmits",16,364,624,8353,N/A,11,5,1,8613
13,"Mihails Gavrilovs",14,412,738,8287,N/A,11,5,1,8613
14,"Andris Urbāns",29,288,623,8278,N/A,11,5,1,8613
15,"Ilmārs Vecvanags",32,255,606,8262,N/A,11,5,1,8613
16,"Lidija Kravčenko",6,342,717,8238,N/A,11,5,1,8613
17,"Anete Freiberga",24,241,636,8218,N/A,11,5,1,8613
18,"Anatolijs Aļeksejenko",33,328,746,8195,N/A,11,5,1,8613
19,"Igors Puntuss",10,243,674,8182,N/A,11,5,1,8613
20,"Henrijs Frīdenbergs",19,225,660,8178,N/A,11,5,1,8613
21,"Anda Ozola",13,219,658,8174,N/A,11,5,1,8613
22,"Miks Ieviņš",28,195,638,8170,N/A,11,5,1,8613
23,"Matīss Gūtmanis",31,195,640,8168,N/A,11,5,1,8613
24,"Maiga Dzērvīte",17,225,681,8157,N/A,11,5,1,8613
25,"Guntars Valants",26,159,621,8151,N/A,11,5,1,8613
26,"Nikolajs Timofejevs",23,264,741,8136,N/A,11,5,1,8613
27,"Pjotrs Aleksejevs",27,265,749,8129,N/A,11,5,1,8613
28,"Nadežda Galkina",9,318,810,8121,N/A,11,5,1,8613
29,"Nataļja Puško",21,235,750,8098,N/A,11,5,1,8613
30,"Leontijs Morozs",20,207,723,8097,N/A,11,5,1,8613
31,"Narine Abagjana",18,182,727,8068,N/A,11,5,1,8613
32,"Inna Jagņuka",25,181,730,8064,N/A,11,5,1,8613
33,"Tatjana Hanova-Akuļecka",30,180,766,8027,N/A,11,5,1,8613
1,"Andris Bērziņš",1,1534,496,6254,N/A,11,5,2,5216
2,"Rolands Bračs",9,434,377,5273,N/A,11,5,2,5216
3,"Vugars Ecmanis",8,421,423,5214,N/A,11,5,2,5216
4,"Ausma Cimdiņa",2,339,466,5089,N/A,11,5,2,5216
5,"Dzintars Jaundžeikars",7,510,736,4990,N/A,11,5,2,5216
6,"Aina Verze",3,303,536,4983,N/A,11,5,2,5216
7,"Andrejs Artjomovs",28,250,511,4955,N/A,11,5,2,5216
8,"Raitis Glāzers",30,183,455,4944,N/A,11,5,2,5216
9,"Tālis Puķītis",5,262,538,4940,N/A,11,5,2,5216
10,"Inese Kārkliņa",15,178,461,4933,N/A,11,5,2,5216
11,"Andrejs Kondratjuks",4,237,550,4903,N/A,11,5,2,5216
12,"Aivars Troska",13,169,487,4898,N/A,11,5,2,5216
13,"Valdis Lācis",16,183,501,4898,N/A,11,5,2,5216
14,"Jānis Vecvanags",14,145,472,4889,N/A,11,5,2,5216
15,"Zintis Vībāns",20,136,467,4885,N/A,11,5,2,5216
16,"Anita Kamerāde",6,163,497,4882,N/A,11,5,2,5216
17,"Dzintars Poļaks",21,151,487,4880,N/A,11,5,2,5216
18,"Guntra Briede",27,129,465,4880,N/A,11,5,2,5216
19,"Ņina Polonska",18,163,500,4879,N/A,11,5,2,5216
20,"Romāns Ližbovskis",19,146,492,4870,N/A,11,5,2,5216
21,"Rolands Krēgers",26,123,471,4868,N/A,11,5,2,5216
22,"Andrejs Berkuta",29,122,484,4854,N/A,11,5,2,5216
23,"Armands Alferovs",11,129,503,4842,N/A,11,5,2,5216
24,"Anna Matoviha",23,125,505,4836,N/A,11,5,2,5216
25,"Helmuts Maizelis",24,91,475,4832,N/A,11,5,2,5216
26,"Valērijs Pudenko",12,125,511,4830,N/A,11,5,2,5216
27,"Kristaps Arbačevskis",22,98,485,4829,N/A,11,5,2,5216
28,"Natālija Maslobojeva",25,147,537,4826,N/A,11,5,2,5216
29,"Marija Vorobjova",10,183,575,4824,N/A,11,5,2,5216
30,"Vjačeslavs Emburs",17,114,510,4820,N/A,11,5,2,5216
1,"Rita Strode",1,1594,376,5122,N/A,11,5,3,3904
2,"Vitālijs Aizbalts",3,681,438,4147,N/A,11,5,3,3904
3,"Jānis Dukšinskis",4,563,439,4028,N/A,11,5,3,3904
4,"Jānis Jukna",2,440,477,3867,N/A,11,5,3,3904
5,"Dmitrijs Lukašenoks",5,422,466,3860,N/A,11,5,3,3904
6,"Oskars Juhnevičs",18,284,411,3777,N/A,11,5,3,3904
7,"Eduards Stalidzāns",17,222,387,3739,N/A,11,5,3,3904
8,"Andrejs Naglis",15,236,403,3737,N/A,11,5,3,3904
9,"Jānis Kudiņš",12,239,409,3734,N/A,11,5,3,3904
10,"Anatolijs Mackevičs",6,295,504,3695,N/A,11,5,3,3904
11,"Jevgeņijs Ustinskovs",10,232,445,3691,N/A,11,5,3,3904
12,"Aleksandrs Vasiļjevs",7,255,487,3672,N/A,11,5,3,3904
13,"Karīna Patmalniece",8,192,425,3671,N/A,11,5,3,3904
14,"Ināra Zavadska",11,180,422,3662,N/A,11,5,3,3904
15,"Andrejs Isakovs",16,171,436,3639,N/A,11,5,3,3904
16,"Vladimirs Afanasjevs",9,156,442,3618,N/A,11,5,3,3904
17,"Anatolijs Posredņikovs",14,162,456,3610,N/A,11,5,3,3904
18,"Aleksejs Homutiņins",13,159,460,3603,N/A,11,5,3,3904
1,"Inese Šlesere",1,843,117,2666,N/A,11,5,4,1940
2,"Aivars Šķuburs",4,304,165,2079,N/A,11,5,4,1940
3,"Inese Grigoruka",5,234,164,2010,N/A,11,5,4,1940
4,"Pēteris Simsons",2,197,193,1944,N/A,11,5,4,1940
5,"Roberts Vaitkus",11,142,170,1912,N/A,11,5,4,1940
6,"Andrējs Gūtmanis",7,127,180,1887,N/A,11,5,4,1940
7,"Aivars Maķevics",3,136,212,1864,N/A,11,5,4,1940
8,"Kaspars Kronbergs",9,102,179,1863,N/A,11,5,4,1940
9,"Uldis Vorps",16,108,185,1863,N/A,11,5,4,1940
10,"Sandis Pūce",8,119,199,1860,N/A,11,5,4,1940
11,"Maija Dubro",10,120,200,1860,N/A,11,5,4,1940
12,"Ģirts Dripe",15,108,193,1855,N/A,11,5,4,1940
13,"Andrejs Vētra",13,84,185,1839,N/A,11,5,4,1940
14,"Jānis Baukšis",12,94,203,1831,N/A,11,5,4,1940
15,"Jānis Ezers",14,66,180,1826,N/A,11,5,4,1940
16,"Raimonds Ansons",6,91,211,1820,N/A,11,5,4,1940
1,"Kārlis Greiškalns",1,385,244,2599,N/A,11,5,5,2458
2,"Andris Tomašūns",2,241,214,2485,N/A,11,5,5,2458
3,"Nikolajs Anuškevičs",4,191,196,2453,N/A,11,5,5,2458
4,"Aina Krūkle",18,171,179,2450,N/A,11,5,5,2458
5,"Jevgenija Stalidzāne",3,213,225,2446,N/A,11,5,5,2458
6,"Jānis Vanags",14,170,194,2434,N/A,11,5,5,2458
7,"Rihards Melgailis",5,164,195,2427,N/A,11,5,5,2458
8,"Juris Bobrovs",10,148,202,2404,N/A,11,5,5,2458
9,"Aija Miezīte",12,141,203,2396,N/A,11,5,5,2458
10,"Andris Baldunčiks",8,133,200,2391,N/A,11,5,5,2458
11,"Māris Narvils",13,113,196,2375,N/A,11,5,5,2458
12,"Imants Silavs",11,99,190,2367,N/A,11,5,5,2458
13,"Artis Podnieks",15,88,187,2359,N/A,11,5,5,2458
14,"Vija Kučinska",17,125,224,2359,N/A,11,5,5,2458
15,"Hendriks Besikirskis",6,112,213,2357,N/A,11,5,5,2458
16,"Egils Agarskis",9,96,200,2354,N/A,11,5,5,2458
17,"Valentīns Kukla",16,103,208,2353,N/A,11,5,5,2458
18,"Aleksejs Mackevičs",7,105,211,2352,N/A,11,5,5,2458
1,"Jānis Urbanovičs",1,49943,2571,165451,ievēlēts,11,6,1,118079
2,"Andrejs Klementjevs",2,26094,1554,142619,ievēlēts,11,6,1,118079
3,"Artūrs Rubiks",3,21227,3554,135752,ievēlēts,11,6,1,118079
4,"Boriss Cilevičs",4,19601,2126,135554,ievēlēts,11,6,1,118079
5,"Nikolajs Kabanovs",7,16357,2570,131866,ievēlēts,11,6,1,118079
6,"Sergejs Mirskis",6,14800,3116,129763,ievēlēts,11,6,1,118079
7,"Igors Pimenovs",15,12185,1735,128529,ievēlēts,11,6,1,118079
8,"Mihails Zemļinskis",11,11805,2041,127843,ievēlēts,11,6,1,118079
9,"Irina Cvetkova",19,9929,1609,126399,ievēlēts,11,6,1,118079
10,"Igors Meļņikovs",30,9844,1799,126124,ievēlēts,11,6,1,118079
11,"Sergejs Potapkins",16,9681,1642,126118,ievēlēts,11,6,1,118079
12,"Ņikita Ņikiforovs",10,10020,2075,126024,ievēlēts,11,6,1,118079
13,"Igors Zujevs",12,9384,1615,125848,ievēlēts,11,6,1,118079
14,"Marks Dubovskis",24,10035,2334,125780,"",11,6,1,118079
15,"Aleksandrs Vasiļjevs",33,8988,1315,125752,"",11,6,1,118079
16,"Larisa Koļesņikova",29,8887,1551,125415,"",11,6,1,118079
17,"Egils Rutkovskis",5,8912,1607,125384,"",11,6,1,118079
18,"Vladimirs Ivanovs",26,8663,1443,125299,"",11,6,1,118079
19,"Jevgeņijs Kopitovs",28,8700,1563,125216,"",11,6,1,118079
20,"Mihails Černousovs",22,8570,1523,125126,"",11,6,1,118079
21,"Viktors Paškovs",27,8458,1417,125120,"",11,6,1,118079
22,"Aleksejs Holostovs",14,9090,2143,125026,"",11,6,1,118079
23,"Ludmila Lūse",17,8639,1750,124968,"",11,6,1,118079
24,"Inna Belokurova",18,8291,1577,124793,"",11,6,1,118079
25,"Armands Strazds",13,8244,1584,124739,"",11,6,1,118079
26,"Guntars Jirgensons",8,8105,1532,124652,"",11,6,1,118079
27,"Ingars Burlaks",9,7902,1630,124351,"",11,6,1,118079
28,"Valentina Volodjko",31,7847,1639,124287,"",11,6,1,118079
29,"Jeļena Bačinska",20,7804,1693,124190,"",11,6,1,118079
30,"Aleksandrs Apalenis",32,7631,1587,124123,"",11,6,1,118079
31,"Aleksandrs Kogucs",21,7418,1545,123952,"",11,6,1,118079
32,"Eduards Grubevičs",25,7296,1598,123777,"",11,6,1,118079
33,"Jāzeps Kozurs",23,7315,1794,123600,"",11,6,1,118079
1,"Sergejs Dolgopolovs",1,13455,1270,54957,ievēlēts,11,6,2,42772
2,"Jānis Ādamsons",3,9090,1284,50578,ievēlēts,11,6,2,42772
3,"Ivans Klementjevs",2,8316,1073,50015,ievēlēts,11,6,2,42772
4,"Viktors Jakovļevs",5,3802,952,45622,ievēlēts,11,6,2,42772
5,"Aleksandrs Sakovskis",4,3422,948,45246,ievēlēts,11,6,2,42772
6,"Ludmila Vorobjova",10,3546,1179,45139,"",11,6,2,42772
7,"Andrejs Jakovļevs",21,2978,882,44868,"",11,6,2,42772
8,"Darja Kuzņecova",12,2932,1019,44685,"",11,6,2,42772
9,"Tatjana Rezņika",20,2865,975,44662,"",11,6,2,42772
10,"Astra Ozola",15,2843,976,44639,"",11,6,2,42772
11,"Vadims Savkovs",13,2869,1026,44615,"",11,6,2,42772
12,"Roberts Bogomols",17,2752,949,44575,"",11,6,2,42772
13,"Jānis Muižnieks",25,2655,891,44536,"",11,6,2,42772
14,"Jānis Garbovskis",8,2616,907,44481,"",11,6,2,42772
15,"Genadijs Volodins",19,2875,1179,44468,"",11,6,2,42772
16,"Viktors Lelis",7,2618,938,44452,"",11,6,2,42772
17,"Jānis Āboliņš",24,2578,922,44428,"",11,6,2,42772
18,"Oksana Suržikova",23,2647,1022,44397,"",11,6,2,42772
19,"Jānis Nīkrencis",9,2580,1002,44350,"",11,6,2,42772
20,"Nauris Ozols",26,2423,914,44281,"",11,6,2,42772
21,"Normunds Aizpurs",27,2448,944,44276,"",11,6,2,42772
22,"Mitrofans Slobodjans",30,2725,1236,44261,"",11,6,2,42772
23,"Vineta Kalve",29,2433,976,44229,"",11,6,2,42772
24,"Dace Zeile",16,2456,1006,44222,"",11,6,2,42772
25,"Jeļena Toca",11,2582,1136,44218,"",11,6,2,42772
26,"Juris Bistrakovs",14,2334,897,44209,"",11,6,2,42772
27,"Andrejs Burvis",18,2339,961,44150,"",11,6,2,42772
28,"Lauris Valainis",22,2203,915,44060,"",11,6,2,42772
29,"Edmunds Visendorfs",6,2263,982,44053,"",11,6,2,42772
30,"Alens Baibekovs",28,2172,1126,43818,"",11,6,2,42772
1,"Ivans Ribakovs",3,14222,2323,72683,ievēlēts,11,6,3,60784
2,"Jānis Tutins",1,12693,2518,70959,ievēlēts,11,6,3,60784
3,"Raimonds Rubiks",2,10053,3027,67810,ievēlēts,11,6,3,60784
4,"Jeļena Lazareva",9,7901,2570,66115,ievēlēts,11,6,3,60784
5,"Dmitrijs Rodionovs",8,7686,2645,65825,ievēlēts,11,6,3,60784
6,"Aleksandrs Jakimovs",6,7254,2452,65586,ievēlēts,11,6,3,60784
7,"Vladimirs Nikonovs",5,7675,3001,65458,ievēlēts,11,6,3,60784
8,"Marjana Ivanova-Jevsejeva",11,7209,3288,64705,ievēlēts,11,6,3,60784
9,"Oļegs Hļebņikovs",18,6327,2459,64652,"",11,6,3,60784
10,"Sergejs Fjodorovs",7,5967,2696,64055,"",11,6,3,60784
11,"Aleksejs Burunovs",4,7923,4729,63978,"",11,6,3,60784
12,"Edgars Kucins",16,5660,2676,63768,"",11,6,3,60784
13,"Lolita Ratkeviča",17,5550,2728,63606,"",11,6,3,60784
14,"Viktors Dobkevičs",14,5236,2467,63553,"",11,6,3,60784
15,"Pāvels Rjazancevs",13,5702,2980,63506,"",11,6,3,60784
16,"Jānis Krišāns",10,5336,2822,63298,"",11,6,3,60784
17,"Tatjana Mieriņa",12,5057,2626,63215,"",11,6,3,60784
18,"Andrejs Rešetņikovs",15,5119,2712,63191,"",11,6,3,60784
1,"Valērijs Agešins",1,6914,494,21767,ievēlēts,11,6,4,15347
2,"Andrejs Elksniņš",2,2563,384,17526,ievēlēts,11,6,4,15347
3,"Sergejs Dikterjovs",5,2342,540,17149,"",11,6,4,15347
4,"Aleksejs Medvedevs",10,2074,446,16975,"",11,6,4,15347
5,"Romans Miloslavskis",14,2160,688,16819,"",11,6,4,15347
6,"Jānis Matulis",3,1837,473,16711,"",11,6,4,15347
7,"Tatjana Beļikova",11,1787,499,16635,"",11,6,4,15347
8,"Tatjana Apanasova",8,1631,476,16502,"",11,6,4,15347
9,"Vitalijs Trusevičs",6,1716,584,16479,"",11,6,4,15347
10,"Māris Mucenieks",7,1589,462,16474,"",11,6,4,15347
11,"Indulis Jankovskis",4,1629,566,16410,"",11,6,4,15347
12,"Tatjana Aleksejeva-Kozlovska",15,1526,527,16346,"",11,6,4,15347
13,"Juris Haberkorns",9,1396,464,16279,"",11,6,4,15347
14,"Irina Barbaša",12,1382,491,16238,"",11,6,4,15347
15,"Olavs Karelsons",13,1340,493,16194,"",11,6,4,15347
16,"Naums Vorobeičiks",16,1733,919,16161,"",11,6,4,15347
1,"Vitālijs Orlovs",2,5050,937,27061,ievēlēts,11,6,5,22948
2,"Ivars Zariņš",1,3262,703,25507,ievēlēts,11,6,5,22948
3,"Vladimirs Reskājs",5,2882,864,24966,ievēlēts,11,6,5,22948
4,"Valentīns Grigorjevs",3,2833,920,24861,"",11,6,5,22948
5,"Nikolajs Sokols",7,2393,854,24487,"",11,6,5,22948
6,"Irina Dolgova",6,2310,837,24421,"",11,6,5,22948
7,"Sergejs Volkovs",9,2347,889,24406,"",11,6,5,22948
8,"Aleksandrs Radzevičs",18,2325,895,24378,"",11,6,5,22948
9,"Mihails Simonovs",4,2229,811,24366,"",11,6,5,22948
10,"Ivars Jakovels",8,1955,797,24106,"",11,6,5,22948
11,"Andris Rutko",13,1876,753,24071,"",11,6,5,22948
12,"Natālija Ērgle",17,1928,837,24039,"",11,6,5,22948
13,"Ainārs Galviņš",10,1776,847,23877,"",11,6,5,22948
14,"Igors Malohatko",15,1824,908,23864,"",11,6,5,22948
15,"Inese Ruslevica",12,1717,806,23859,"",11,6,5,22948
16,"Mihails Hohlovs",16,1808,906,23850,"",11,6,5,22948
17,"Mareks Žizņevskis",11,1739,940,23747,"",11,6,5,22948
18,"Kārlis Plūmiņš",14,1558,836,23670,"",11,6,5,22948
1,"Jakovs Pliners",1,1177,74,4229,N/A,11,7,1,3126
2,"Vladimirs Buzajevs",3,849,44,3931,N/A,11,7,1,3126
3,"Natālija Jolkina",5,464,64,3526,N/A,11,7,1,3126
4,"Vladislavs Rafaļskis",4,453,66,3513,N/A,11,7,1,3126
5,"Deniss Gorba",7,352,54,3424,N/A,11,7,1,3126
6,"Aleksandrs Kuzmins",8,315,46,3395,N/A,11,7,1,3126
7,"Viktors Dergunovs",9,295,37,3384,N/A,11,7,1,3126
8,"Tatjana Jemeļjanova",13,282,56,3352,N/A,11,7,1,3126
9,"Aleksandrs Giļmans",30,283,73,3336,N/A,11,7,1,3126
10,"Žanna Kareļina",10,259,52,3333,N/A,11,7,1,3126
11,"Tatjana Favorska",6,268,62,3332,N/A,11,7,1,3126
12,"Eduards Svatkovs",2,311,114,3323,N/A,11,7,1,3126
13,"Vjačeslavs Altuhovs",14,246,60,3312,N/A,11,7,1,3126
14,"Andrejs Grocevs",11,217,45,3298,N/A,11,7,1,3126
15,"Ludmila Vorobjova",27,213,54,3285,N/A,11,7,1,3126
16,"Aleksandrs Gamaļejevs",15,203,45,3284,N/A,11,7,1,3126
17,"Nadežda Poļakova",28,204,49,3281,N/A,11,7,1,3126
18,"Vadims Gailišs",29,193,52,3267,N/A,11,7,1,3126
19,"Dmitrijs Jermaks",24,182,46,3262,N/A,11,7,1,3126
20,"Viktorija Murina",21,179,45,3260,N/A,11,7,1,3126
21,"Valentīna Goldinova",19,183,53,3256,N/A,11,7,1,3126
22,"Ivans Jengaševs",12,181,55,3252,N/A,11,7,1,3126
23,"Filips Dudins",16,181,59,3248,N/A,11,7,1,3126
24,"Sergejs Hoholko",23,171,50,3247,N/A,11,7,1,3126
25,"Peresvets Bezdeņežnihs",26,175,54,3247,N/A,11,7,1,3126
26,"Dmitrijs Burluckis",25,162,46,3242,N/A,11,7,1,3126
27,"Jurijs Mašošins",18,164,52,3238,N/A,11,7,1,3126
28,"Neļa Maliha",20,162,54,3234,N/A,11,7,1,3126
29,"Taisja Bite",22,162,54,3234,N/A,11,7,1,3126
30,"Gagiks Sarkisjans",17,187,81,3232,N/A,11,7,1,3126
1,"Andris Tolmačovs",1,222,15,1197,N/A,11,7,2,990
2,"Ludmila Rodionova",3,128,19,1099,N/A,11,7,2,990
3,"Anna Vinogradova",7,113,20,1083,N/A,11,7,2,990
4,"Viktors Jolkins",5,117,27,1080,N/A,11,7,2,990
5,"Aleksandrs Prutkovs",2,105,24,1071,N/A,11,7,2,990
6,"Anatolijs Kuzņecovs",19,99,20,1069,N/A,11,7,2,990
7,"Oļegs Fjodorovs",18,96,22,1064,N/A,11,7,2,990
8,"Aleksandrs Malnačs",4,91,18,1063,N/A,11,7,2,990
9,"Alise Djomina",8,93,20,1063,N/A,11,7,2,990
10,"Aleksejs Fjodorovs",12,91,23,1058,N/A,11,7,2,990
11,"Jeļena Učaikina",11,88,21,1057,N/A,11,7,2,990
12,"Žanna Šlikova",15,86,20,1056,N/A,11,7,2,990
13,"Andrejs Solopenko",6,87,24,1053,N/A,11,7,2,990
14,"Gaļina Bezdeņežniha",10,80,17,1053,N/A,11,7,2,990
15,"Kristina Galihanova",13,82,23,1049,N/A,11,7,2,990
16,"Irina Novohatjko",9,80,22,1048,N/A,11,7,2,990
17,"Andrejs Bessoļcevs",16,79,23,1046,N/A,11,7,2,990
18,"Viktorija Dušinska",17,79,26,1043,N/A,11,7,2,990
19,"Igors Koptenkovs",14,69,22,1037,N/A,11,7,2,990
1,"Miroslavs Mitrofanovs",1,518,47,2079,N/A,11,7,3,1608
2,"Aleksejs Vasiļjevs",2,218,53,1773,N/A,11,7,3,1608
3,"Andrejs Višņakovs",7,159,41,1726,N/A,11,7,3,1608
4,"Ivans Popovs",3,160,49,1719,N/A,11,7,3,1608
5,"Sergejs Solovjovs",9,129,43,1694,N/A,11,7,3,1608
6,"Jurijs Zaicevs",6,139,54,1693,N/A,11,7,3,1608
7,"Boriss Lavrenovs",5,130,50,1688,N/A,11,7,3,1608
8,"Ašots Mamikonjans",4,136,70,1674,N/A,11,7,3,1608
9,"Andrejs Golubevs",13,118,53,1673,N/A,11,7,3,1608
10,"Jevgeņijs Golubevs",18,119,55,1672,N/A,11,7,3,1608
11,"Igors Sorokins",8,114,51,1671,N/A,11,7,3,1608
12,"Pāvels Prozors",14,109,52,1665,N/A,11,7,3,1608
13,"Grigorijs Gontmahers",11,100,59,1649,N/A,11,7,3,1608
14,"Svetlana Groma",15,94,56,1646,N/A,11,7,3,1608
15,"Sergejs Lazovskis",17,92,54,1646,N/A,11,7,3,1608
16,"Andrejs Goļicins",12,91,54,1645,N/A,11,7,3,1608
17,"Aleksandrs Blins",10,94,58,1644,N/A,11,7,3,1608
18,"Artjoms Pučinskis",16,90,55,1643,N/A,11,7,3,1608
1,"Elita Kosaka",1,157,28,563,N/A,11,7,4,434
2,"Oļegs Dorofejevs",4,79,21,492,N/A,11,7,4,434
3,"Andris Tauriņš",3,68,16,486,N/A,11,7,4,434
4,"Marina Djakova",5,61,20,475,N/A,11,7,4,434
5,"Vladislavs Zeļenskis",8,56,22,468,N/A,11,7,4,434
6,"Andrējs Boboško",2,73,42,465,N/A,11,7,4,434
7,"Vladimirs Vlasovs",6,50,21,463,N/A,11,7,4,434
8,"Valerijs Potockis",7,45,17,462,N/A,11,7,4,434
1,"Ludmila Ušakova",3,232,37,1146,N/A,11,7,5,951
2,"Valērijs Buhvalovs",1,221,38,1134,N/A,11,7,5,951
3,"Maksims Galkins",4,189,40,1100,N/A,11,7,5,951
4,"Nataļja Čehova",2,169,42,1078,N/A,11,7,5,951
5,"Sergejs Ņevoļskis",6,159,42,1068,N/A,11,7,5,951
6,"Valentīna Kudrjavceva",5,127,41,1037,N/A,11,7,5,951
7,"Ludmila Kitova",8,109,43,1017,N/A,11,7,5,951
8,"Vladimirs Čuprovs",9,94,43,1002,N/A,11,7,5,951
9,"Marija Dešovaja",7,92,42,1001,N/A,11,7,5,951
10,"Georgijs Deveru",10,86,42,995,N/A,11,7,5,951
1,"Einārs Cilinskis",1,8971,1511,45546,ievēlēts,11,8,1,38086
2,"Dzintars Rasnačs",2,8341,3092,43335,ievēlēts,11,8,1,38086
3,"Ilmārs Latkovskis",5,6395,1335,43146,ievēlēts,11,8,1,38086
4,"Dāvis Stalts",8,5104,1604,41586,ievēlēts,11,8,1,38086
5,"Lelde Stumbre",13,4068,1344,40810,"",11,8,1,38086
6,"Konstantīns Pupurs",4,3026,1128,39984,"",11,8,1,38086
7,"Andris Vilks",31,2663,1178,39571,"",11,8,1,38086
8,"Hārdijs Parādnieks",6,5213,3811,39488,"",11,8,1,38086
9,"Guntis Kalme",9,2546,1242,39390,"",11,8,1,38086
10,"Aleksandrs Kiršteins",33,4187,2964,39309,"",11,8,1,38086
11,"Jānis Atis Krūmiņš",12,1995,1002,39079,"",11,8,1,38086
12,"Jānis Kivlenieks",24,1588,1081,38593,"",11,8,1,38086
13,"Ieva Holma",16,1630,1153,38563,"",11,8,1,38086
14,"Valdis Jānis Kursietis",20,1593,1162,38517,"",11,8,1,38086
15,"Ģirts Lapiņš",17,1441,1016,38511,"",11,8,1,38086
16,"Arnis Puksts",14,1408,1038,38456,"",11,8,1,38086
17,"Aigars Lūsis",19,1467,1179,38374,"",11,8,1,38086
18,"Dzintars Saliņš",26,1295,1041,38340,"",11,8,1,38086
19,"Solvita Sekste",15,1371,1122,38335,"",11,8,1,38086
20,"Elīna Kalēja",29,1286,1067,38305,"",11,8,1,38086
21,"Ludmila Sočņeva",3,2564,2366,38284,"",11,8,1,38086
22,"Elvijs Vēbers",11,1317,1181,38222,"",11,8,1,38086
23,"Gunārs Indārs",18,1251,1145,38192,"",11,8,1,38086
24,"Andris Radziņš",28,1044,1026,38104,"",11,8,1,38086
25,"Guntis Brencāns",22,1028,1039,38075,"",11,8,1,38086
26,"Marta Kive",7,1381,1412,38055,"",11,8,1,38086
27,"Uģis Briedis",10,1127,1166,38047,"",11,8,1,38086
28,"Edgars Āboliņš",30,1035,1178,37943,"",11,8,1,38086
29,"Imārs Kiršbaums",23,1139,1312,37913,"",11,8,1,38086
30,"Rolands Arturs Bebris",25,1000,1186,37900,"",11,8,1,38086
31,"Agita Tabūne",21,1393,1670,37809,"",11,8,1,38086
32,"Juris Imaks",32,928,1207,37807,"",11,8,1,38086
33,"Juris Bogdanovičs",27,889,1399,37576,"",11,8,1,38086
1,"Raivis Dzintars",1,27085,662,72036,ievēlēts,11,8,2,45613
2,"Jānis Dombrava",2,9874,1711,53776,ievēlēts,11,8,2,45613
3,"Ināra Mūrniece",3,5036,1570,49079,ievēlēts,11,8,2,45613
4,"Romāns Naudiņš",5,4308,2000,47921,ievēlēts,11,8,2,45613
5,"Kārlis Krēsliņš",7,3727,1479,47861,ievēlēts,11,8,2,45613
6,"Normunds Broks",10,2866,1860,46619,"",11,8,2,45613
7,"Gatis Sprūds",9,2564,1666,46511,"",11,8,2,45613
8,"Gunta Liepiņa",20,2163,1439,46337,"",11,8,2,45613
9,"Valdis Kaprālis",19,2214,1508,46319,"",11,8,2,45613
10,"Ervīns Grāvītis",4,2282,1691,46204,"",11,8,2,45613
11,"Andris Balcers",8,1975,1436,46152,"",11,8,2,45613
12,"Ilze Līviņa",22,2015,1496,46132,"",11,8,2,45613
13,"Arnis Neretnieks",15,1854,1388,46079,"",11,8,2,45613
14,"Daiga Kalnbērziņa",6,2061,1631,46043,"",11,8,2,45613
15,"Mārtiņš Krusts",25,1807,1474,45946,"",11,8,2,45613
16,"Jānis Eglīts",29,1770,1497,45886,"",11,8,2,45613
17,"Sanita Dika-Bokmeldere",11,1879,1652,45840,"",11,8,2,45613
18,"Jānis Odziņš",12,1673,1492,45794,"",11,8,2,45613
19,"Ieva Stefensena",17,1660,1505,45768,"",11,8,2,45613
20,"Guntars Cipulis",21,1577,1431,45759,"",11,8,2,45613
21,"Jadviga Neilande",27,1744,1604,45753,"",11,8,2,45613
22,"Jānis Ķirsis",18,1633,1498,45748,"",11,8,2,45613
23,"Ivo Ozols",23,1548,1476,45685,"",11,8,2,45613
24,"Zigmunds Bekmanis",30,1685,1642,45656,"",11,8,2,45613
25,"Aldis Grunde",16,1434,1477,45570,"",11,8,2,45613
26,"Aivars Sjademe",14,1496,1791,45318,"",11,8,2,45613
27,"Jānis Mackus",26,1277,1572,45318,"",11,8,2,45613
28,"Jānis Višņevskis",13,1509,1912,45210,"",11,8,2,45613
29,"Elmārs Kozlovskis",24,1193,1783,45023,"",11,8,2,45613
30,"Zoja Rimša",28,1419,2149,44883,"",11,8,2,45613
1,"Inese Laizāne",1,1635,281,6704,ievēlēts,11,8,3,5350
2,"Donāts Valainis",2,848,339,5859,"",11,8,3,5350
3,"Aigars Laizāns",17,622,259,5713,"",11,8,3,5350
4,"Ērika Teirumnieka",3,629,357,5622,"",11,8,3,5350
5,"Jānis Bordāns",5,520,329,5541,"",11,8,3,5350
6,"Janīna Vanaga",6,465,319,5496,"",11,8,3,5350
7,"Māris Igavens",4,506,377,5479,"",11,8,3,5350
8,"Jānis Mūrnieks",12,440,354,5436,"",11,8,3,5350
9,"Arvīds Ratnieks",11,389,324,5415,"",11,8,3,5350
10,"Ivo Brūvers",10,375,318,5407,"",11,8,3,5350
11,"Ineta Urtāne",9,354,350,5354,"",11,8,3,5350
12,"Juris Kivriņš",7,334,344,5340,"",11,8,3,5350
13,"Kalvis Apsītis",18,304,316,5338,"",11,8,3,5350
14,"Vents Ikaunieks",14,313,343,5320,"",11,8,3,5350
15,"Marika Zeimule",8,323,354,5319,"",11,8,3,5350
16,"Jānis Ratkevičs",13,291,339,5302,"",11,8,3,5350
17,"Ilona Punāne",16,269,341,5278,"",11,8,3,5350
18,"Gunita Surgovte",15,269,372,5247,"",11,8,3,5350
1,"Gaidis Bērziņš",1,5860,802,22557,ievēlēts,11,8,4,17499
2,"Dzintars Kudums",4,2317,588,19228,ievēlēts,11,8,4,17499
3,"Raivis Blumfelds",2,1996,616,18879,"",11,8,4,17499
4,"Guntra Riņķe",3,1688,514,18673,"",11,8,4,17499
5,"Gundars Sebris",9,1351,550,18300,"",11,8,4,17499
6,"Uģis Feldmanis",7,1300,592,18207,"",11,8,4,17499
7,"Krista Veita",8,1278,621,18156,"",11,8,4,17499
8,"Nauris Puntulis",5,1803,1162,18140,"",11,8,4,17499
9,"Juris Pavītols",15,1709,1104,18104,"",11,8,4,17499
10,"Austris Jansons",10,880,492,17887,"",11,8,4,17499
11,"Jānis Asaris",11,918,531,17886,"",11,8,4,17499
12,"Pēteris Bahurs",6,949,567,17881,"",11,8,4,17499
13,"Andris Pirvics",12,909,571,17837,"",11,8,4,17499
14,"Guntars Šīrants",14,783,572,17710,"",11,8,4,17499
15,"Andris Holms",13,793,610,17682,"",11,8,4,17499
16,"Vigo Sviķekalns",16,898,851,17546,"",11,8,4,17499
1,"Imants Parādnieks",1,6516,2383,24793,ievēlēts,11,8,5,20660
2,"Vineta Poriņa",2,2463,673,22450,ievēlēts,11,8,5,20660
3,"Juris Cīrulis",5,2072,653,22079,"",11,8,5,20660
4,"Jānis Tomels",3,1839,713,21786,"",11,8,5,20660
5,"Raitis Ābelnieks",6,1773,674,21759,"",11,8,5,20660
6,"Mārtiņš Kālis",4,1602,620,21642,"",11,8,5,20660
7,"Juris Tolpežņikovs",12,1954,974,21640,"",11,8,5,20660
8,"Dace Kalniņa",8,1381,668,21373,"",11,8,5,20660
9,"Agra Zaķe",9,1507,819,21348,"",11,8,5,20660
10,"Aivars Okmanis",18,1524,862,21322,"",11,8,5,20660
11,"Jurģis Īvāns",10,1330,672,21318,"",11,8,5,20660
12,"Edvards Ratnieks",7,1288,641,21307,"",11,8,5,20660
13,"Jānis Zalaks",11,1164,645,21179,"",11,8,5,20660
14,"Santa Eižvertiņa",13,1201,737,21124,"",11,8,5,20660
15,"Gundars Kūla",16,1074,643,21091,"",11,8,5,20660
16,"Kārlis Stars",15,1054,677,21037,"",11,8,5,20660
17,"Valdis Rusiņš",14,1059,691,21028,"",11,8,5,20660
18,"Hardijs Verbelis",17,913,904,20669,"",11,8,5,20660
1,"Augusts Kūravs",1,96,36,811,N/A,11,9,1,751
2,"Jānis Grigalis",2,80,34,797,N/A,11,9,1,751
3,"Andris Liepiņš",7,60,26,785,N/A,11,9,1,751
4,"Margots Rotbergs",3,63,34,780,N/A,11,9,1,751
5,"Aigars Bondars",12,50,29,772,N/A,11,9,1,751
6,"Egīls Roze",15,52,32,771,N/A,11,9,1,751
7,"Jānis Leja",5,50,32,769,N/A,11,9,1,751
8,"Jānis Liepiņš",13,50,33,768,N/A,11,9,1,751
9,"Andris Priekulis",9,46,30,767,N/A,11,9,1,751
10,"Līga Zaķe",16,48,32,767,N/A,11,9,1,751
11,"Anna Rungule",4,45,34,762,N/A,11,9,1,751
12,"Svetlana Valdmane",11,48,38,761,N/A,11,9,1,751
13,"Vladimirs Hodokovskis",17,48,40,759,N/A,11,9,1,751
14,"Tatjana Strautmane",10,40,37,754,N/A,11,9,1,751
15,"Juris Kiriks",8,36,34,753,N/A,11,9,1,751
16,"Marija Rubcova",6,44,43,752,N/A,11,9,1,751
17,"Marija Resina",14,33,37,747,N/A,11,9,1,751
1,"Ints Cālītis",1,141,27,902,N/A,11,9,2,788
2,"Andris Lubiņš",2,70,25,833,N/A,11,9,2,788
3,"Māris Liepa",11,70,26,832,N/A,11,9,2,788
4,"Ulrika Auniņa",3,71,31,828,N/A,11,9,2,788
5,"Jānis Muciņš",5,62,26,824,N/A,11,9,2,788
6,"Mārīte Dambe",9,59,31,816,N/A,11,9,2,788
7,"Arnis Ziemelis",13,54,28,814,N/A,11,9,2,788
8,"Jānis Ikaunieks",14,52,28,812,N/A,11,9,2,788
9,"Jānis Nebars",4,54,33,809,N/A,11,9,2,788
10,"Aivars Banis",10,48,32,804,N/A,11,9,2,788
11,"Janīna Zeltiņa",12,49,33,804,N/A,11,9,2,788
12,"Sandris Smeilis",6,43,28,803,N/A,11,9,2,788
13,"Ilona Teplouhova",7,51,40,799,N/A,11,9,2,788
14,"Uldis Kalnietis",8,40,32,796,N/A,11,9,2,788
1,"Juris Ločmelis",9,68,34,531,N/A,11,9,3,497
2,"Leons Bojārs",1,80,47,530,N/A,11,9,3,497
3,"Kaspars Barons",8,58,35,520,N/A,11,9,3,497
4,"Margarita Visocka",2,54,44,507,N/A,11,9,3,497
5,"Kaspars Pīzelis",7,48,40,505,N/A,11,9,3,497
6,"Konstantīns Andžāns",3,54,47,504,N/A,11,9,3,497
7,"Aldis Tripans",10,46,41,502,N/A,11,9,3,497
8,"Vasīlijs Rasimenoks",13,58,55,500,N/A,11,9,3,497
9,"Juris Japiņš",6,36,40,493,N/A,11,9,3,497
10,"Juris Briedis",4,38,44,491,N/A,11,9,3,497
11,"Aivars Saliņš",5,34,45,486,N/A,11,9,3,497
12,"Andrejs Čevers",11,32,48,481,N/A,11,9,3,497
13,"Egīls Beinarovičs",12,28,47,478,N/A,11,9,3,497
1,"Egīls Purmalis",1,73,23,484,N/A,11,9,4,434
2,"Valdis Rande",7,55,21,468,N/A,11,9,4,434
3,"Āris Žentiņš",3,58,30,462,N/A,11,9,4,434
4,"Daiga Purkalne",8,39,19,454,N/A,11,9,4,434
5,"Māris Sprinģis",2,45,32,447,N/A,11,9,4,434
6,"Einārs Jansons",9,35,24,445,N/A,11,9,4,434
7,"Lāsma Vaiče",6,35,27,442,N/A,11,9,4,434
8,"Guntis Peterlevics",4,38,31,441,N/A,11,9,4,434
9,"Herberts Laukšteins",5,36,31,439,N/A,11,9,4,434
1,"Vaironis Dreimanis",2,83,12,482,N/A,11,9,5,411
2,"Einars Grigors",1,71,17,465,N/A,11,9,5,411
3,"Aiva Freimane",5,65,12,464,N/A,11,9,5,411
4,"Orests Kubarko",6,52,14,449,N/A,11,9,5,411
5,"Ingera Baltiņa",4,52,16,447,N/A,11,9,5,411
6,"Sandra Lukjaņenoka",3,49,18,442,N/A,11,9,5,411
7,"Edgars Dinsbergs",7,50,19,442,N/A,11,9,5,411
1,"Evita Goša",1,428,48,2009,N/A,11,10,1,1629
2,"Gints Knoks",2,420,51,1998,N/A,11,10,1,1629
3,"Raimonds Strazdiņš",3,341,50,1920,N/A,11,10,1,1629
4,"Maija Pavlova",4,300,48,1881,N/A,11,10,1,1629
5,"Ausma Ķibilde",5,273,55,1847,N/A,11,10,1,1629
1,"Jurģis Ansis Stabingis",1,355,46,1782,N/A,11,10,2,1473
2,"Raitis Glāznieks",3,276,41,1708,N/A,11,10,2,1473
3,"Zanda Slava",2,250,45,1678,N/A,11,10,2,1473
4,"Māris Antons",4,246,54,1665,N/A,11,10,2,1473
5,"Andrejs Oliņš",6,233,48,1658,N/A,11,10,2,1473
6,"Rets Skrickis",5,220,51,1642,N/A,11,10,2,1473
1,"Nataļja Baškirova",1,63,23,380,N/A,11,10,3,340
2,"Mārtiņš Kozlovskis",4,60,25,375,N/A,11,10,3,340
3,"Pēteris Grūbe",3,49,23,366,N/A,11,10,3,340
4,"Antons Kekļa",2,51,26,365,N/A,11,10,3,340
1,"Ieva Rubeze",3,136,13,587,N/A,11,10,4,464
2,"Pēteris Pūrītis",1,131,15,580,N/A,11,10,4,464
3,"Anita Pastare",2,118,15,567,N/A,11,10,4,464
1,"Aldis Hofmanis",1,150,20,695,N/A,11,10,5,565
2,"Dāvis Kaņepe",5,127,19,673,N/A,11,10,5,565
3,"Signe Grūbe",2,113,16,662,N/A,11,10,5,565
4,"Antons Mozaļevskis",3,94,24,635,N/A,11,10,5,565
5,"Ivs Zenne",4,83,25,623,N/A,11,10,5,565
1,"Raimonds Vējonis",1,3644,943,19729,ievēlēts,11,11,1,17028
2,"Kārlis Seržants",2,2732,1442,18318,ievēlēts,11,11,1,17028
3,"Jānis Strazdiņš",4,1238,851,17415,"",11,11,1,17028
4,"Māris Dzelzskalns",3,1095,718,17405,"",11,11,1,17028
5,"Iveta Purne",5,953,1037,16944,"",11,11,1,17028
6,"Sanita Broka",11,649,773,16904,"",11,11,1,17028
7,"Askolds Kļaviņš",33,652,804,16876,"",11,11,1,17028
8,"Arvīds Ulme",8,889,1050,16867,"",11,11,1,17028
9,"Artis Stucka",18,560,751,16837,"",11,11,1,17028
10,"Ilze Gaigala",13,577,798,16807,"",11,11,1,17028
11,"Ligita Liepiņa",21,497,723,16802,"",11,11,1,17028
12,"Voldemārs Lūsis",14,546,793,16781,"",11,11,1,17028
13,"Gita Rēvalde",19,469,723,16774,"",11,11,1,17028
14,"Raivis Rudzītis",12,439,698,16769,"",11,11,1,17028
15,"Edgars Tavars",7,494,765,16757,"",11,11,1,17028
16,"Valdis Felsbergs",25,465,738,16755,"",11,11,1,17028
17,"Mārtiņš Jirgens",20,439,723,16744,"",11,11,1,17028
18,"Dīns Cielavs",17,408,720,16716,"",11,11,1,17028
19,"Imants Dreiblats",31,402,735,16695,"",11,11,1,17028
20,"Solvita Rudoviča",23,474,813,16689,"",11,11,1,17028
21,"Andris Odītis",29,364,706,16686,"",11,11,1,17028
22,"Dainis Bramanis",26,364,709,16683,"",11,11,1,17028
23,"Jānis Lubiņš",10,376,741,16663,"",11,11,1,17028
24,"Aldonis Arnavs",6,351,752,16627,"",11,11,1,17028
25,"Andrejs Staķis",32,541,946,16623,"",11,11,1,17028
26,"Egīls Īverts",24,322,750,16600,"",11,11,1,17028
27,"Vladislavs Šlēgelmilhs",16,606,1049,16585,"",11,11,1,17028
28,"Daniels Stankevičs",28,345,810,16563,"",11,11,1,17028
29,"Jānis Golubevs",22,355,837,16546,"",11,11,1,17028
30,"Haralds Neverževskis",30,315,924,16419,"",11,11,1,17028
31,"Dmitrijs Smirnovs",9,504,1157,16375,"",11,11,1,17028
32,"Valerijs Kozlovs",15,411,1069,16370,"",11,11,1,17028
33,"Leonīds Hodasēvičs",27,291,981,16338,"",11,11,1,17028
1,"Jānis Dūklavs",1,9511,1206,39893,ievēlēts,11,11,2,31588
2,"Ingmārs Līdaka",2,9210,1913,38885,ievēlēts,11,11,2,31588
3,"Iveta Grigule",9,3893,2151,33330,ievēlēts,11,11,2,31588
4,"Māris Kučinskis",4,3551,2310,32829,"",11,11,2,31588
5,"Inese Aizstrauta",5,3070,2135,32523,"",11,11,2,31588
6,"Rolands Broks",3,1673,1741,31520,"",11,11,2,31588
7,"Didzis Zemmers",7,1488,1641,31435,"",11,11,2,31588
8,"Laimis Šāvējs",13,1377,1732,31233,"",11,11,2,31588
9,"Aivars Straume",11,1342,1764,31166,"",11,11,2,31588
10,"Vitauts Staņa",8,1447,2030,31005,"",11,11,2,31588
11,"Guntis Vilnītis",6,1032,1672,30948,"",11,11,2,31588
12,"Linda Krūmiņa",12,910,1576,30922,"",11,11,2,31588
13,"Indriķis Putniņš",15,898,1605,30881,"",11,11,2,31588
14,"Gunārs Ciglis",25,845,1558,30875,"",11,11,2,31588
15,"Mārtiņš Ritums Treimanis",19,908,1640,30856,"",11,11,2,31588
16,"Jānis Grasis",20,798,1536,30850,"",11,11,2,31588
17,"Edgars Grandāns",28,827,1593,30822,"",11,11,2,31588
18,"Roberts Ozols",14,751,1541,30798,"",11,11,2,31588
19,"Alvils Pētersons",24,731,1535,30784,"",11,11,2,31588
20,"Zigmārs Grūbe",18,725,1547,30766,"",11,11,2,31588
21,"Agris Lungevičs",26,777,1624,30741,"",11,11,2,31588
22,"Jānis Antons",27,711,1565,30734,"",11,11,2,31588
23,"Jānis Lediņš",17,693,1566,30715,"",11,11,2,31588
24,"Valdis Bārda",21,686,1567,30707,"",11,11,2,31588
25,"Guntis Albergs",16,689,1610,30667,"",11,11,2,31588
26,"Arnis Bole",29,664,1620,30632,"",11,11,2,31588
27,"Anita Bružuka",22,681,1696,30573,"",11,11,2,31588
28,"Romāns Ērkulis",10,525,1636,30477,"",11,11,2,31588
29,"Petra Beķere",23,557,1677,30468,"",11,11,2,31588
30,"Miķelis Ankipovs",30,593,1816,30365,"",11,11,2,31588
1,"Jānis Klaužs",3,2307,1910,14833,ievēlēts,11,11,3,14436
2,"Rihards Eigims",2,2990,2772,14654,ievēlēts,11,11,3,14436
3,"Imants-Jānis Bekešs",18,1744,2081,14099,"",11,11,3,14436
4,"Staņislavs Šķesters",1,2171,2627,13980,"",11,11,3,14436
5,"Jānis Trupovnieks",4,1505,2105,13836,"",11,11,3,14436
6,"Egons Salmanis",5,1055,2135,13356,"",11,11,3,14436
7,"Vitālijs Plivda",16,1023,2167,13292,"",11,11,3,14436
8,"Jāzeps Dobkevičs",15,927,2111,13252,"",11,11,3,14436
9,"Regīna Brokāne",11,979,2171,13244,"",11,11,3,14436
10,"Juris Ostrovskis",8,923,2183,13176,"",11,11,3,14436
11,"Sandra Viškure",9,885,2178,13143,"",11,11,3,14436
12,"Juris Atstupens",7,760,2232,12964,"",11,11,3,14436
13,"Jānis Krievāns",6,704,2208,12932,"",11,11,3,14436
14,"Aivars Birulis",10,604,2221,12819,"",11,11,3,14436
15,"Valdis Miltiņš",13,530,2178,12788,"",11,11,3,14436
16,"Intars Zaharevičs",14,506,2173,12769,"",11,11,3,14436
17,"Māris Zīra",17,455,2180,12711,"",11,11,3,14436
18,"Margarita Cakula",12,485,2251,12670,"",11,11,3,14436
1,"Dana Reizniece-Ozola",1,4681,1136,31367,ievēlēts,11,11,4,27822
2,"Aija Barča",2,4696,1339,31179,ievēlēts,11,11,4,27822
3,"Jānis Vucāns",3,3057,1070,29809,ievēlēts,11,11,4,27822
4,"Ilona Jurševska",4,2756,1067,29511,"",11,11,4,27822
5,"Aldis Slavinskis",12,2557,1224,29155,"",11,11,4,27822
6,"Valdis Kalnozols",6,2533,1233,29122,"",11,11,4,27822
7,"Ilze Buņķe",15,2240,1297,28765,"",11,11,4,27822
8,"Alfons Spēks",7,1883,1221,28484,"",11,11,4,27822
9,"Oskars Zīds",5,1949,1320,28451,"",11,11,4,27822
10,"Ilze Kļava",10,1498,1088,28232,"",11,11,4,27822
11,"Arnis Luhse",8,1600,1249,28173,"",11,11,4,27822
12,"Irēna Opšteine",16,1810,1561,28071,"",11,11,4,27822
13,"Dita Role",13,1480,1333,27969,"",11,11,4,27822
14,"Vineta Ķine",11,1381,1342,27861,"",11,11,4,27822
15,"Jānis Abakuks",14,1581,1619,27784,"",11,11,4,27822
16,"Imants Kalniņš",9,2186,3125,26883,"",11,11,4,27822
1,"Augusts Brigmanis",1,4322,2134,23271,ievēlēts,11,11,5,21083
2,"Andris Bērziņš",2,3233,1725,22591,ievēlēts,11,11,5,21083
3,"Uldis Augulis",3,2741,1692,22132,ievēlēts,11,11,5,21083
4,"Dace Reinika",5,2187,1749,21521,"",11,11,5,21083
5,"Guntis Rozītis",9,1220,1173,21130,"",11,11,5,21083
6,"Juris Vectirāns",4,1350,1398,21035,"",11,11,5,21083
7,"Alvis Feldmanis",15,1047,1215,20915,"",11,11,5,21083
8,"Jānis Pelsis",6,1103,1303,20883,"",11,11,5,21083
9,"Ilze Vītola",12,948,1246,20785,"",11,11,5,21083
10,"Aivars Dronka",7,1033,1333,20783,"",11,11,5,21083
11,"Daiga Reča",14,1008,1345,20746,"",11,11,5,21083
12,"Mārcis Cielavs",13,847,1210,20720,"",11,11,5,21083
13,"Jānis Kovals",16,800,1243,20640,"",11,11,5,21083
14,"Aija Eidinta",11,914,1361,20636,"",11,11,5,21083
15,"Dagnija Staķe",10,1929,2407,20605,"",11,11,5,21083
16,"Jānis Kuķis",17,812,1310,20585,"",11,11,5,21083
17,"Vilnis Vietnieks",8,729,1246,20566,"",11,11,5,21083
18,"Linda Vovere",18,829,1370,20542,"",11,11,5,21083
1,"Anatolijs Romaņuks",1,110,27,684,N/A,11,12,1,601
2,"Viktors Riekstiņš",3,55,21,635,N/A,11,12,1,601
3,"Dzidra Kalniņa",2,53,20,634,N/A,11,12,1,601
4,"Raimonds Dzintars",10,46,16,631,N/A,11,12,1,601
5,"Igors Boldāns",9,39,20,620,N/A,11,12,1,601
6,"Viktors Dinēvičs",6,41,24,618,N/A,11,12,1,601
7,"Andrejs Ņikiforovs",8,45,28,618,N/A,11,12,1,601
8,"Dmitrijs Širjajevs",4,41,25,617,N/A,11,12,1,601
9,"Aldis-Ēriks Riņķis",21,29,14,616,N/A,11,12,1,601
10,"Edvīns Puķe",15,35,21,615,N/A,11,12,1,601
11,"Arvīds Dovidens",26,31,20,612,N/A,11,12,1,601
12,"Sanita Putniņa",13,33,23,611,N/A,11,12,1,601
13,"Artūrs Draudiņš",18,29,19,611,N/A,11,12,1,601
14,"Andrejs Treikals",23,25,15,611,N/A,11,12,1,601
15,"Aigars Tomiņš",25,25,15,611,N/A,11,12,1,601
16,"Roberts Volfs",5,33,25,609,N/A,11,12,1,601
17,"Juris Rēķis",17,26,18,609,N/A,11,12,1,601
18,"Silvija Šimfa",7,32,25,608,N/A,11,12,1,601
19,"Valentīna Badaņina",16,32,25,608,N/A,11,12,1,601
20,"Artūrs Šketovs",27,27,21,607,N/A,11,12,1,601
21,"Olga Samkova",12,32,27,606,N/A,11,12,1,601
22,"Aleksejs Piļipeiko",11,31,28,604,N/A,11,12,1,601
23,"Vladislavs Semeņuks",24,26,24,603,N/A,11,12,1,601
24,"Olga Zeļika",14,26,26,601,N/A,11,12,1,601
25,"Jūlija Žavoronkova",19,28,28,601,N/A,11,12,1,601
26,"Deniss Hohlovs",20,27,27,601,N/A,11,12,1,601
27,"Regīna Soldatenkova",22,21,27,595,N/A,11,12,1,601
1,"Arvīds Platpers",2,114,47,824,N/A,11,12,2,757
2,"Arnis Olte",3,89,52,794,N/A,11,12,2,757
3,"Iveta Ozoliņa",7,69,50,776,N/A,11,12,2,757
4,"Rihards Jablokovs",1,83,65,775,N/A,11,12,2,757
5,"Imants Burvis",4,66,66,757,N/A,11,12,2,757
6,"Aivars Krūmiņš",9,48,48,757,N/A,11,12,2,757
7,"Aigars Zariņš",16,48,49,756,N/A,11,12,2,757
8,"Normunds Ozoliņš",12,42,47,752,N/A,11,12,2,757
9,"Valentīns Rakstiņš",6,51,57,751,N/A,11,12,2,757
10,"Jurģis Grigulis",5,45,53,749,N/A,11,12,2,757
11,"Alvils Randa",15,39,49,747,N/A,11,12,2,757
12,"Māris Usāns",13,39,51,745,N/A,11,12,2,757
13,"Uģis Šēriņš",14,36,51,742,N/A,11,12,2,757
14,"Mārtiņš Eglītis",17,33,49,741,N/A,11,12,2,757
15,"Didzis Ozols",10,33,51,739,N/A,11,12,2,757
16,"Inese Meijere",11,33,52,738,N/A,11,12,2,757
17,"Gvido Stolbovs",8,32,52,737,N/A,11,12,2,757
1,"Valdis Lauskis",2,101,30,601,N/A,11,12,3,530
2,"Valdemārs Skromulis",7,62,40,552,N/A,11,12,3,530
3,"Dmitrijs Usins",6,39,38,531,N/A,11,12,3,530
4,"Igors Tračums",1,43,49,524,N/A,11,12,3,530
5,"Aivars Stikuts",12,32,40,522,N/A,11,12,3,530
6,"Arturs Gaidels",3,37,47,520,N/A,11,12,3,530
7,"Jeļena Stepule",5,33,43,520,N/A,11,12,3,530
8,"Vitālijs Smolickis",4,36,47,519,N/A,11,12,3,530
9,"Jāzeps Sprūžs",9,26,41,515,N/A,11,12,3,530
10,"Jurijs Kopasovs",11,23,39,514,N/A,11,12,3,530
11,"Juris Linužs",14,26,43,513,N/A,11,12,3,530
12,"Ēriks Beloborodko",8,18,38,510,N/A,11,12,3,530
13,"Aleksandrs Brizgalovs",13,22,43,509,N/A,11,12,3,530
14,"Sergejs Sļadze",10,16,42,504,N/A,11,12,3,530
1,"Ervīns Indriksons",1,45,12,312,N/A,11,12,4,279
2,"Normunds Dzintars",4,28,6,301,N/A,11,12,4,279
3,"Jānis Pļavinskis",11,22,6,295,N/A,11,12,4,279
4,"Normunds Freimanis",14,26,12,293,N/A,11,12,4,279
5,"Jānis Locis",10,17,8,288,N/A,11,12,4,279
6,"Lolita Ozola",8,17,10,286,N/A,11,12,4,279
7,"Dagnija Kalviša",3,17,11,285,N/A,11,12,4,279
8,"Sanita Usāne",6,14,9,284,N/A,11,12,4,279
9,"Jeļena Garbuzova",2,20,19,280,N/A,11,12,4,279
10,"Valfrīds Puķe",5,11,10,280,N/A,11,12,4,279
11,"Vilnis Kurpe",12,11,10,280,N/A,11,12,4,279
12,"Rolands Lipskijs",13,13,12,280,N/A,11,12,4,279
13,"Andis Šēriņš",7,11,11,279,N/A,11,12,4,279
14,"Sanita Giriča",9,10,12,277,N/A,11,12,4,279
1,"Astrīda Mūrniece",16,57,11,452,N/A,11,12,5,406
2,"Anita Gavare",5,39,16,429,N/A,11,12,5,406
3,"Dainis Grabovskis",3,39,20,425,N/A,11,12,5,406
4,"Māris Mežapuķe",4,41,24,423,N/A,11,12,5,406
5,"Juris Turkopolis",1,37,23,420,N/A,11,12,5,406
6,"Sarmīte Feierabenda",6,25,22,409,N/A,11,12,5,406
7,"Aelita Semeņuka",12,23,20,409,N/A,11,12,5,406
8,"Nikolajs Šmidts",2,21,19,408,N/A,11,12,5,406
9,"Jevdokija Golubova",10,24,22,408,N/A,11,12,5,406
10,"Jānis Lodiņš",15,23,21,408,N/A,11,12,5,406
11,"Vjačeslavs Rūķis",7,22,22,406,N/A,11,12,5,406
12,"Andrejs Leconis",14,18,18,406,N/A,11,12,5,406
13,"Gundaris Langrāts",13,19,20,405,N/A,11,12,5,406
14,"Edgars Lipskijs",11,23,25,404,N/A,11,12,5,406
15,"Irina Burnaševa",9,20,23,403,N/A,11,12,5,406
16,"Sergejs Frolovs",8,20,25,401,N/A,11,12,5,406
